[Licensing::Module] Trying to connect to existing licensing client channel...
Built from '6000.3/respin/6000.3.6f1-732c1ec89f18' branch; Version is '6000.3.6f1 (bbb010bdb8a3) revision 12300304'; Using compiler version '194234433'; Build Type 'Release'
OS: 'Windows 11  (10.0.26100) Professional' Language: 'en' Physical Memory: 32694 MB
[Licensing::IpcConnector] Successfully connected to: "LicenseClient-dk199" at "2026-02-01T19:42:43.5635759Z"
BatchMode: 1, IsHumanControllingUs: 0, StartBugReporterOnCrash: 0, Is64bit: 1
System  architecture: x64
Process architecture: x64
Date: 2026-02-01T19:42:43Z

COMMAND LINE ARGUMENTS:
C:\Program Files\Unity\Hub\Editor\6000.3.6f1\Editor\Unity.exe
-adb2
-batchMode
-noUpm
-name
AssetImportWorker0
-projectPath
D:/Unity/LoFBR
-logFile
Logs/AssetImportWorker0.log
-srvPort
61273
-job-worker-count
7
-background-job-worker-count
8
-gc-helper-count
1
-name
AssetImport
Successfully changed project path to: D:/Unity/LoFBR
D:/Unity/LoFBR
[UnityMemory] Configuration Parameters - Can be set up in boot.config
    "memorysetup-temp-allocator-size-nav-mesh-worker=65536"
    "memorysetup-temp-allocator-size-audio-worker=65536"
    "memorysetup-temp-allocator-size-gfx=262144"
    "memorysetup-allocator-temp-initial-block-size-main=262144"
    "memorysetup-allocator-temp-initial-block-size-worker=262144"
    "memorysetup-temp-allocator-size-background-worker=32768"
    "memorysetup-temp-allocator-size-job-worker=262144"
    "memorysetup-temp-allocator-size-preload-manager=33554432"
    "memorysetup-temp-allocator-size-gi-baking-worker=262144"
    "memorysetup-temp-allocator-size-gi-baking-worker=262144"
    "memorysetup-temp-allocator-size-gi-baking-worker=262144"
    "memorysetup-temp-allocator-size-gi-baking-worker=262144"
    "memorysetup-temp-allocator-size-gi-baking-worker=262144"
    "memorysetup-bucket-allocator-granularity=16"
    "memorysetup-bucket-allocator-bucket-count=8"
    "memorysetup-bucket-allocator-block-size=33554432"
    "memorysetup-bucket-allocator-block-count=8"
    "memorysetup-main-allocator-block-size=16777216"
    "memorysetup-thread-allocator-block-size=16777216"
    "memorysetup-gfx-main-allocator-block-size=16777216"
    "memorysetup-gfx-thread-allocator-block-size=16777216"
    "memorysetup-cache-allocator-block-size=4194304"
    "memorysetup-typetree-allocator-block-size=2097152"
    "memorysetup-profiler-bucket-allocator-granularity=16"
    "memorysetup-profiler-bucket-allocator-bucket-count=8"
    "memorysetup-profiler-bucket-allocator-block-size=33554432"
    "memorysetup-profiler-bucket-allocator-block-count=8"
    "memorysetup-profiler-allocator-block-size=16777216"
    "memorysetup-profiler-editor-allocator-block-size=1048576"
    "memorysetup-temp-allocator-size-main=16777216"
    "memorysetup-job-temp-allocator-block-size=2097152"
    "memorysetup-job-temp-allocator-block-size-background=1048576"
    "memorysetup-job-temp-allocator-reduction-small-platforms=262144"
    "memorysetup-temp-allocator-size-cloud-worker=32768"
Player connection [1724]  Target information:

Player connection [1724]  * "[IP] 192.168.178.21 [Port] 0 [Flags] 2 [Guid] 3011082280 [EditorId] 3011082280 [Version] 1048832 [Id] WindowsEditor(7,DESKTOP-B7ONB71) [Debug] 1 [PackageName] WindowsEditor [ProjectName] Editor" 

Player connection [1724] Host joined multi-casting on [225.0.0.222:54997]...
Player connection [1724] Host joined alternative multi-casting on [225.0.0.222:34997]...
JobSystem: Creating JobQueue using job-worker-count value 7
Input System module state changed to: Initialized.
[Physics::Module] Initialized fallback backend.
[Physics::Module] Id: 0xdecafbad
Library Redirect Path: Library/
[Physics::Module] Selected backend.
[Physics::Module] Name: PhysX
[Physics::Module] Id: 0xf2b8ea05
[Physics::Module] SDK Version: 4.1.2
[Physics::Module] Integration Version: 1.0.0
[Physics::Module] Threading Mode: Multi-Threaded
Refreshing native plugins compatible for Editor in 4.47 ms, found 2 plugins.
Preloading 0 native plugins for Editor in 0.00 ms.
Initialize engine version: 6000.3.6f1 (bbb010bdb8a3)
[Subsystems] Discovering subsystems at path C:/Program Files/Unity/Hub/Editor/6000.3.6f1/Editor/Data/Resources/UnitySubsystems
[Subsystems] Discovering subsystems at path D:/Unity/LoFBR/Assets
GfxDevice: creating device client; kGfxThreadingModeNonThreaded
Direct3D:
    Version:  Direct3D 11.0 [level 11.1]
    Renderer: NVIDIA GeForce RTX 3060 Ti (ID=0x2486)
    Vendor:   NVIDIA
    VRAM:     8024 MB
    Driver:   32.0.15.9174
Initialize mono
Mono path[0] = 'C:/Program Files/Unity/Hub/Editor/6000.3.6f1/Editor/Data/Managed'
Mono path[1] = 'C:/Program Files/Unity/Hub/Editor/6000.3.6f1/Editor/Data/MonoBleedingEdge/lib/mono/unityjit-win32'
Mono config path = 'C:/Program Files/Unity/Hub/Editor/6000.3.6f1/Editor/Data/MonoBleedingEdge/etc'
Using monoOptions --debugger-agent=transport=dt_socket,embedding=1,server=y,suspend=n,address=127.0.0.1:56052
Begin MonoManager ReloadAssembly
Registering precompiled unity dll's ...
Register platform support module: C:/Program Files/Unity/Hub/Editor/6000.3.6f1/Editor/Data/PlaybackEngines/WindowsStandaloneSupport/UnityEditor.WindowsStandalone.Extensions.dll
Registered in 0.002134 seconds.
- Loaded All Assemblies, in  0.514 seconds
[Licensing::Client] Handshaking with LicensingClient:
  Version:                 1.17.4+4293ba1
  Session Id:              97e635cea30a4f8184a9a730cbb47ff9
  Correlation Id:          93a0bfe1a6c6e1ea6f7c23e418623d3f
  External correlation Id: 29773380120533912
  Machine Id:              w7YeKB8mm1qvfRWBaBjksY/SOok=
[Licensing::Module] Successfully connected to LicensingClient on channel: "LicenseClient-dk199" (connect: 0.00s, validation: 0.00s, handshake: 1.07s)
[Licensing::IpcConnector] Successfully connected to: "LicenseClient-dk199-notifications" at "2026-02-01T19:42:44.6316847Z"
[Licensing::Module] Licensing Background thread has ended after 1.07s
Native extension for WindowsStandalone target not found
ScheduleIndexationOnStartup MainProcess:False IndexOnStartup:True
Mono: successfully reloaded assembly
- Finished resetting the current domain, in  0.505 seconds
Domain Reload Profiling: 1015ms
	BeginReloadAssembly (149ms)
		ExecutionOrderSort (0ms)
		DisableScriptedObjects (0ms)
		BackupInstance (0ms)
		ReleaseScriptingObjects (0ms)
		CreateAndSetChildDomain (1ms)
	RebuildCommonClasses (46ms)
	RebuildNativeTypeToScriptingClass (19ms)
	initialDomainReloadingComplete (55ms)
	LoadAllAssembliesAndSetupDomain (241ms)
		LoadAssemblies (144ms)
		RebuildTransferFunctionScriptingTraits (0ms)
		AnalyzeDomain (237ms)
			TypeCache.Refresh (234ms)
				TypeCache.ScanAssembly (216ms)
			BuildScriptInfoCaches (0ms)
			ResolveRequiredComponents (1ms)
	FinalizeReload (506ms)
		ReleaseScriptCaches (0ms)
		RebuildScriptCaches (0ms)
		SetupLoadedEditorAssemblies (450ms)
			LogAssemblyErrors (0ms)
			InitializePlatformSupportModulesInManaged (63ms)
			SetLoadedEditorAssemblies (4ms)
			BeforeProcessingInitializeOnLoad (105ms)
			ProcessInitializeOnLoadAttributes (188ms)
			ProcessInitializeOnLoadMethodAttributes (89ms)
			AfterProcessingInitializeOnLoad (0ms)
			EditorAssembliesLoaded (0ms)
		ExecutionOrderSort2 (0ms)
		AwakeInstancesAfterBackupRestoration (0ms)
========================================================================
Worker process is ready to serve import requests
Import Worker Mode flag is 0x00
Begin MonoManager ReloadAssembly
[Licensing::Client] Successfully resolved entitlement details
[Licensing::Module] License group:
  Id: F4-2RVH-HF46-PESG-9S74-XXXX
  Product: Unity Personal
  Type: ULF
  Expiration: Unlimited
[Licensing::Module] License group:
  Id: 9072343078514-UnityPersXXXX
  Product: Unity Personal
  Type: Assigned
  Expiration: Unlimited
- Loaded All Assemblies, in  0.910 seconds
Refreshing native plugins compatible for Editor in 5.25 ms, found 2 plugins.
Native extension for WindowsStandalone target not found
Refreshing native plugins compatible for Editor in 5.27 ms, found 2 plugins.
Package Manager log level set to [2]
[Package Manager] Failed to launch server process. Reason: Unity was launched with the -noUpm command-line argument
[Package Manager] Unable to send message (not connected to server process).
[Package Manager] Cannot connect to Unity Package Manager local server
ScheduleIndexationOnStartup MainProcess:False IndexOnStartup:True
Mono: successfully reloaded assembly
- Finished resetting the current domain, in  1.114 seconds
Domain Reload Profiling: 2018ms
	BeginReloadAssembly (267ms)
		ExecutionOrderSort (0ms)
		DisableScriptedObjects (7ms)
		BackupInstance (0ms)
		ReleaseScriptingObjects (0ms)
		CreateAndSetChildDomain (45ms)
	RebuildCommonClasses (58ms)
	RebuildNativeTypeToScriptingClass (20ms)
	initialDomainReloadingComplete (56ms)
	LoadAllAssembliesAndSetupDomain (504ms)
		LoadAssemblies (440ms)
		RebuildTransferFunctionScriptingTraits (0ms)
		AnalyzeDomain (212ms)
			TypeCache.Refresh (154ms)
				TypeCache.ScanAssembly (137ms)
			BuildScriptInfoCaches (49ms)
			ResolveRequiredComponents (5ms)
	FinalizeReload (1115ms)
		ReleaseScriptCaches (0ms)
		RebuildScriptCaches (0ms)
		SetupLoadedEditorAssemblies (947ms)
			LogAssemblyErrors (0ms)
			InitializePlatformSupportModulesInManaged (2ms)
			SetLoadedEditorAssemblies (5ms)
			BeforeProcessingInitializeOnLoad (188ms)
			ProcessInitializeOnLoadAttributes (457ms)
			ProcessInitializeOnLoadMethodAttributes (284ms)
			AfterProcessingInitializeOnLoad (10ms)
			EditorAssembliesLoaded (1ms)
		ExecutionOrderSort2 (0ms)
		AwakeInstancesAfterBackupRestoration (11ms)
Launched and connected shader compiler UnityShaderCompiler.exe after 0.02 seconds
Refreshing native plugins compatible for Editor in 4.77 ms, found 2 plugins.
Preloading 0 native plugins for Editor in 0.00 ms.
Unloading 0 Unused Serialized files (Serialized files now loaded: 0)
Unloading 3473 unused Assets / (1.2 MB). Loaded Objects now: 4048.
Memory consumption went from 92.3 MB to 91.1 MB.
Total: 15.804900 ms (FindLiveObjects: 0.584700 ms CreateObjectMapping: 0.370300 ms MarkObjects: 13.278700 ms  DeleteObjects: 1.569400 ms)

========================================================================
Received Import Request.
  Time since last request: 819613.008495 seconds.
  path: Assets/InputSystem_Actions.inputactions
  artifactKey: Guid(3ee215d4f2c75744db4784c44b3c4d65) Importer(815301076,1909f56bfc062723c751e8b465ee728b)
Start importing Assets/InputSystem_Actions.inputactions using Guid(3ee215d4f2c75744db4784c44b3c4d65) Importer(815301076,1909f56bfc062723c751e8b465ee728b) (PreviewImporter) -> (artifact id: 'ad1c7f6710c128b5a2b8f4f7679a9715') in 0.0380991 seconds
Number of updated asset objects reloaded before import = 0Number of asset objects unloaded after import = 18

========================================================================
Received Import Request.
  Time since last request: 161.116191 seconds.
  path: Assets/InputSystem_Actions.inputactions
  artifactKey: Guid(3ee215d4f2c75744db4784c44b3c4d65) Importer(815301076,1909f56bfc062723c751e8b465ee728b)
Start importing Assets/InputSystem_Actions.inputactions using Guid(3ee215d4f2c75744db4784c44b3c4d65) Importer(815301076,1909f56bfc062723c751e8b465ee728b) (PreviewImporter) -> (artifact id: 'adf7ddfd845fc3b80dc04112c8679595') in 0.0048207 seconds
Number of updated asset objects reloaded before import = 0Number of asset objects unloaded after import = 19

========================================================================
Received Prepare
Begin MonoManager ReloadAssembly
[Licensing::Client] Successfully resolved entitlement details
[Licensing::Module] License group:
  Id: F4-2RVH-HF46-PESG-9S74-XXXX
  Product: Unity Personal
  Type: ULF
  Expiration: Unlimited
[Licensing::Module] License group:
  Id: 9072343078514-UnityPersXXXX
  Product: Unity Personal
  Type: Assigned
  Expiration: Unlimited
- Loaded All Assemblies, in  0.706 seconds
Refreshing native plugins compatible for Editor in 3.75 ms, found 2 plugins.
Native extension for WindowsStandalone target not found
[Package Manager] Failed to launch server process. Reason: Unity was launched with the -noUpm command-line argument
[Package Manager] Unable to send message (not connected to server process).
[Package Manager] Cannot connect to Unity Package Manager local server
ScheduleIndexationOnStartup MainProcess:False IndexOnStartup:True
Mono: successfully reloaded assembly
- Finished resetting the current domain, in  0.790 seconds
Domain Reload Profiling: 1493ms
	BeginReloadAssembly (253ms)
		ExecutionOrderSort (0ms)
		DisableScriptedObjects (8ms)
		BackupInstance (0ms)
		ReleaseScriptingObjects (0ms)
		CreateAndSetChildDomain (66ms)
	RebuildCommonClasses (50ms)
	RebuildNativeTypeToScriptingClass (19ms)
	initialDomainReloadingComplete (34ms)
	LoadAllAssembliesAndSetupDomain (347ms)
		LoadAssemblies (351ms)
		RebuildTransferFunctionScriptingTraits (0ms)
		AnalyzeDomain (121ms)
			TypeCache.Refresh (10ms)
				TypeCache.ScanAssembly (2ms)
			BuildScriptInfoCaches (104ms)
			ResolveRequiredComponents (4ms)
	FinalizeReload (791ms)
		ReleaseScriptCaches (0ms)
		RebuildScriptCaches (0ms)
		SetupLoadedEditorAssemblies (661ms)
			LogAssemblyErrors (0ms)
			InitializePlatformSupportModulesInManaged (2ms)
			SetLoadedEditorAssemblies (5ms)
			BeforeProcessingInitializeOnLoad (134ms)
			ProcessInitializeOnLoadAttributes (321ms)
			ProcessInitializeOnLoadMethodAttributes (190ms)
			AfterProcessingInitializeOnLoad (8ms)
			EditorAssembliesLoaded (0ms)
		ExecutionOrderSort2 (0ms)
		AwakeInstancesAfterBackupRestoration (7ms)
Refreshing native plugins compatible for Editor in 3.99 ms, found 2 plugins.
Preloading 0 native plugins for Editor in 0.00 ms.
Unloading 0 Unused Serialized files (Serialized files now loaded: 0)
Unloading 3471 unused Assets / (0.9 MB). Loaded Objects now: 4053.
Memory consumption went from 93.2 MB to 92.3 MB.
Total: 11.989200 ms (FindLiveObjects: 0.487300 ms CreateObjectMapping: 0.144300 ms MarkObjects: 10.445100 ms  DeleteObjects: 0.911200 ms)

Prepare: number of updated asset objects reloaded= 0
========================================================================
Received Prepare
Begin MonoManager ReloadAssembly
[Licensing::Client] Successfully resolved entitlement details
[Licensing::Module] License group:
  Id: F4-2RVH-HF46-PESG-9S74-XXXX
  Product: Unity Personal
  Type: ULF
  Expiration: Unlimited
[Licensing::Module] License group:
  Id: 9072343078514-UnityPersXXXX
  Product: Unity Personal
  Type: Assigned
  Expiration: Unlimited
- Loaded All Assemblies, in  0.665 seconds
Refreshing native plugins compatible for Editor in 4.07 ms, found 2 plugins.
Native extension for WindowsStandalone target not found
[Package Manager] Failed to launch server process. Reason: Unity was launched with the -noUpm command-line argument
[Package Manager] Unable to send message (not connected to server process).
[Package Manager] Cannot connect to Unity Package Manager local server
ScheduleIndexationOnStartup MainProcess:False IndexOnStartup:True
Mono: successfully reloaded assembly
- Finished resetting the current domain, in  0.847 seconds
Domain Reload Profiling: 1507ms
	BeginReloadAssembly (233ms)
		ExecutionOrderSort (0ms)
		DisableScriptedObjects (9ms)
		BackupInstance (0ms)
		ReleaseScriptingObjects (0ms)
		CreateAndSetChildDomain (57ms)
	RebuildCommonClasses (42ms)
	RebuildNativeTypeToScriptingClass (16ms)
	initialDomainReloadingComplete (31ms)
	LoadAllAssembliesAndSetupDomain (339ms)
		LoadAssemblies (330ms)
		RebuildTransferFunctionScriptingTraits (0ms)
		AnalyzeDomain (118ms)
			TypeCache.Refresh (9ms)
				TypeCache.ScanAssembly (1ms)
			BuildScriptInfoCaches (102ms)
			ResolveRequiredComponents (4ms)
	FinalizeReload (847ms)
		ReleaseScriptCaches (0ms)
		RebuildScriptCaches (0ms)
		SetupLoadedEditorAssemblies (715ms)
			LogAssemblyErrors (0ms)
			InitializePlatformSupportModulesInManaged (2ms)
			SetLoadedEditorAssemblies (5ms)
			BeforeProcessingInitializeOnLoad (143ms)
			ProcessInitializeOnLoadAttributes (333ms)
			ProcessInitializeOnLoadMethodAttributes (225ms)
			AfterProcessingInitializeOnLoad (7ms)
			EditorAssembliesLoaded (0ms)
		ExecutionOrderSort2 (0ms)
		AwakeInstancesAfterBackupRestoration (9ms)
Refreshing native plugins compatible for Editor in 3.34 ms, found 2 plugins.
Preloading 0 native plugins for Editor in 0.00 ms.
Unloading 0 Unused Serialized files (Serialized files now loaded: 0)
Unloading 3471 unused Assets / (1.0 MB). Loaded Objects now: 4054.
Memory consumption went from 93.2 MB to 92.2 MB.
Total: 10.795400 ms (FindLiveObjects: 0.476200 ms CreateObjectMapping: 0.141300 ms MarkObjects: 9.187600 ms  DeleteObjects: 0.988800 ms)

Prepare: number of updated asset objects reloaded= 0
========================================================================
Received Import Request.
  Time since last request: 303.360791 seconds.
  path: Assets/InputSystem_Actions.inputactions
  artifactKey: Guid(3ee215d4f2c75744db4784c44b3c4d65) Importer(815301076,1909f56bfc062723c751e8b465ee728b)
Start importing Assets/InputSystem_Actions.inputactions using Guid(3ee215d4f2c75744db4784c44b3c4d65) Importer(815301076,1909f56bfc062723c751e8b465ee728b) (PreviewImporter) -> (artifact id: '4ac11edc77293d0ab0ebd2716b3c9c01') in 0.0280643 seconds
Number of updated asset objects reloaded before import = 1Number of asset objects unloaded after import = 19

========================================================================
Received Prepare
Begin MonoManager ReloadAssembly
[Licensing::Client] Successfully resolved entitlement details
[Licensing::Module] License group:
  Id: F4-2RVH-HF46-PESG-9S74-XXXX
  Product: Unity Personal
  Type: ULF
  Expiration: Unlimited
[Licensing::Module] License group:
  Id: 9072343078514-UnityPersXXXX
  Product: Unity Personal
  Type: Assigned
  Expiration: Unlimited
- Loaded All Assemblies, in  0.670 seconds
Refreshing native plugins compatible for Editor in 3.90 ms, found 2 plugins.
Native extension for WindowsStandalone target not found
[Package Manager] Failed to launch server process. Reason: Unity was launched with the -noUpm command-line argument
[Package Manager] Unable to send message (not connected to server process).
[Package Manager] Cannot connect to Unity Package Manager local server
ScheduleIndexationOnStartup MainProcess:False IndexOnStartup:True
Mono: successfully reloaded assembly
- Finished resetting the current domain, in  0.832 seconds
Domain Reload Profiling: 1499ms
	BeginReloadAssembly (230ms)
		ExecutionOrderSort (0ms)
		DisableScriptedObjects (8ms)
		BackupInstance (0ms)
		ReleaseScriptingObjects (0ms)
		CreateAndSetChildDomain (57ms)
	RebuildCommonClasses (41ms)
	RebuildNativeTypeToScriptingClass (17ms)
	initialDomainReloadingComplete (32ms)
	LoadAllAssembliesAndSetupDomain (348ms)
		LoadAssemblies (326ms)
		RebuildTransferFunctionScriptingTraits (0ms)
		AnalyzeDomain (133ms)
			TypeCache.Refresh (10ms)
				TypeCache.ScanAssembly (1ms)
			BuildScriptInfoCaches (114ms)
			ResolveRequiredComponents (5ms)
	FinalizeReload (832ms)
		ReleaseScriptCaches (0ms)
		RebuildScriptCaches (0ms)
		SetupLoadedEditorAssemblies (694ms)
			LogAssemblyErrors (0ms)
			InitializePlatformSupportModulesInManaged (2ms)
			SetLoadedEditorAssemblies (4ms)
			BeforeProcessingInitializeOnLoad (146ms)
			ProcessInitializeOnLoadAttributes (339ms)
			ProcessInitializeOnLoadMethodAttributes (196ms)
			AfterProcessingInitializeOnLoad (7ms)
			EditorAssembliesLoaded (0ms)
		ExecutionOrderSort2 (0ms)
		AwakeInstancesAfterBackupRestoration (8ms)
Refreshing native plugins compatible for Editor in 3.20 ms, found 2 plugins.
Preloading 0 native plugins for Editor in 0.00 ms.
Unloading 0 Unused Serialized files (Serialized files now loaded: 0)
Unloading 3471 unused Assets / (0.9 MB). Loaded Objects now: 4055.
Memory consumption went from 93.2 MB to 92.3 MB.
Total: 10.561300 ms (FindLiveObjects: 0.468600 ms CreateObjectMapping: 0.140200 ms MarkObjects: 9.085500 ms  DeleteObjects: 0.865600 ms)

Prepare: number of updated asset objects reloaded= 0
========================================================================
Received Prepare
Begin MonoManager ReloadAssembly
[Licensing::Client] Successfully resolved entitlement details
[Licensing::Module] License group:
  Id: F4-2RVH-HF46-PESG-9S74-XXXX
  Product: Unity Personal
  Type: ULF
  Expiration: Unlimited
[Licensing::Module] License group:
  Id: 9072343078514-UnityPersXXXX
  Product: Unity Personal
  Type: Assigned
  Expiration: Unlimited
- Loaded All Assemblies, in  0.697 seconds
Refreshing native plugins compatible for Editor in 3.84 ms, found 2 plugins.
Native extension for WindowsStandalone target not found
[Package Manager] Failed to launch server process. Reason: Unity was launched with the -noUpm command-line argument
[Package Manager] Unable to send message (not connected to server process).
[Package Manager] Cannot connect to Unity Package Manager local server
ScheduleIndexationOnStartup MainProcess:False IndexOnStartup:True
Mono: successfully reloaded assembly
- Finished resetting the current domain, in  0.808 seconds
Domain Reload Profiling: 1502ms
	BeginReloadAssembly (225ms)
		ExecutionOrderSort (0ms)
		DisableScriptedObjects (8ms)
		BackupInstance (0ms)
		ReleaseScriptingObjects (0ms)
		CreateAndSetChildDomain (53ms)
	RebuildCommonClasses (45ms)
	RebuildNativeTypeToScriptingClass (19ms)
	initialDomainReloadingComplete (35ms)
	LoadAllAssembliesAndSetupDomain (370ms)
		LoadAssemblies (340ms)
		RebuildTransferFunctionScriptingTraits (0ms)
		AnalyzeDomain (138ms)
			TypeCache.Refresh (10ms)
				TypeCache.ScanAssembly (1ms)
			BuildScriptInfoCaches (120ms)
			ResolveRequiredComponents (4ms)
	FinalizeReload (808ms)
		ReleaseScriptCaches (0ms)
		RebuildScriptCaches (0ms)
		SetupLoadedEditorAssemblies (674ms)
			LogAssemblyErrors (0ms)
			InitializePlatformSupportModulesInManaged (2ms)
			SetLoadedEditorAssemblies (4ms)
			BeforeProcessingInitializeOnLoad (143ms)
			ProcessInitializeOnLoadAttributes (327ms)
			ProcessInitializeOnLoadMethodAttributes (191ms)
			AfterProcessingInitializeOnLoad (7ms)
			EditorAssembliesLoaded (0ms)
		ExecutionOrderSort2 (0ms)
		AwakeInstancesAfterBackupRestoration (7ms)
Refreshing native plugins compatible for Editor in 3.15 ms, found 2 plugins.
Preloading 0 native plugins for Editor in 0.00 ms.
Unloading 0 Unused Serialized files (Serialized files now loaded: 0)
Unloading 3471 unused Assets / (0.8 MB). Loaded Objects now: 4056.
Memory consumption went from 93.2 MB to 92.4 MB.
Total: 10.886600 ms (FindLiveObjects: 0.475800 ms CreateObjectMapping: 0.140500 ms MarkObjects: 9.303600 ms  DeleteObjects: 0.965700 ms)

Prepare: number of updated asset objects reloaded= 0
========================================================================
Received Prepare
Begin MonoManager ReloadAssembly
- Loaded All Assemblies, in  0.683 seconds
Refreshing native plugins compatible for Editor in 3.73 ms, found 2 plugins.
Native extension for WindowsStandalone target not found
[Package Manager] Failed to launch server process. Reason: Unity was launched with the -noUpm command-line argument
[Package Manager] Unable to send message (not connected to server process).
[Package Manager] Cannot connect to Unity Package Manager local server
ScheduleIndexationOnStartup MainProcess:False IndexOnStartup:True
Mono: successfully reloaded assembly
- Finished resetting the current domain, in  0.862 seconds
Domain Reload Profiling: 1542ms
	BeginReloadAssembly (229ms)
		ExecutionOrderSort (0ms)
		DisableScriptedObjects (9ms)
		BackupInstance (0ms)
		ReleaseScriptingObjects (0ms)
		CreateAndSetChildDomain (49ms)
	RebuildCommonClasses (46ms)
	RebuildNativeTypeToScriptingClass (18ms)
	initialDomainReloadingComplete (33ms)
	LoadAllAssembliesAndSetupDomain (354ms)
		LoadAssemblies (345ms)
		RebuildTransferFunctionScriptingTraits (0ms)
		AnalyzeDomain (126ms)
			TypeCache.Refresh (6ms)
				TypeCache.ScanAssembly (0ms)
			BuildScriptInfoCaches (112ms)
			ResolveRequiredComponents (4ms)
	FinalizeReload (862ms)
		ReleaseScriptCaches (0ms)
		RebuildScriptCaches (0ms)
		SetupLoadedEditorAssemblies (722ms)
			LogAssemblyErrors (0ms)
			InitializePlatformSupportModulesInManaged (2ms)
			SetLoadedEditorAssemblies (5ms)
			BeforeProcessingInitializeOnLoad (146ms)
			ProcessInitializeOnLoadAttributes (334ms)
			ProcessInitializeOnLoadMethodAttributes (227ms)
			AfterProcessingInitializeOnLoad (8ms)
			EditorAssembliesLoaded (1ms)
		ExecutionOrderSort2 (0ms)
		AwakeInstancesAfterBackupRestoration (11ms)
Refreshing native plugins compatible for Editor in 3.56 ms, found 2 plugins.
Preloading 0 native plugins for Editor in 0.00 ms.
Unloading 0 Unused Serialized files (Serialized files now loaded: 0)
Unloading 3471 unused Assets / (0.8 MB). Loaded Objects now: 4057.
Memory consumption went from 93.2 MB to 92.4 MB.
Total: 11.220800 ms (FindLiveObjects: 0.505400 ms CreateObjectMapping: 0.169400 ms MarkObjects: 9.651900 ms  DeleteObjects: 0.892600 ms)

Prepare: number of updated asset objects reloaded= 0
========================================================================
Received Prepare
Begin MonoManager ReloadAssembly
[Licensing::Client] Successfully resolved entitlement details
[Licensing::Module] License group:
  Id: F4-2RVH-HF46-PESG-9S74-XXXX
  Product: Unity Personal
  Type: ULF
  Expiration: Unlimited
[Licensing::Module] License group:
  Id: 9072343078514-UnityPersXXXX
  Product: Unity Personal
  Type: Assigned
  Expiration: Unlimited
- Loaded All Assemblies, in  0.694 seconds
Refreshing native plugins compatible for Editor in 3.28 ms, found 2 plugins.
Native extension for WindowsStandalone target not found
[Package Manager] Failed to launch server process. Reason: Unity was launched with the -noUpm command-line argument
[Package Manager] Unable to send message (not connected to server process).
[Package Manager] Cannot connect to Unity Package Manager local server
ScheduleIndexationOnStartup MainProcess:False IndexOnStartup:True
Mono: successfully reloaded assembly
- Finished resetting the current domain, in  0.842 seconds
Domain Reload Profiling: 1534ms
	BeginReloadAssembly (227ms)
		ExecutionOrderSort (0ms)
		DisableScriptedObjects (9ms)
		BackupInstance (0ms)
		ReleaseScriptingObjects (0ms)
		CreateAndSetChildDomain (51ms)
	RebuildCommonClasses (48ms)
	RebuildNativeTypeToScriptingClass (19ms)
	initialDomainReloadingComplete (32ms)
	LoadAllAssembliesAndSetupDomain (365ms)
		LoadAssemblies (340ms)
		RebuildTransferFunctionScriptingTraits (0ms)
		AnalyzeDomain (139ms)
			TypeCache.Refresh (10ms)
				TypeCache.ScanAssembly (1ms)
			BuildScriptInfoCaches (120ms)
			ResolveRequiredComponents (5ms)
	FinalizeReload (842ms)
		ReleaseScriptCaches (0ms)
		RebuildScriptCaches (0ms)
		SetupLoadedEditorAssemblies (712ms)
			LogAssemblyErrors (0ms)
			InitializePlatformSupportModulesInManaged (2ms)
			SetLoadedEditorAssemblies (5ms)
			BeforeProcessingInitializeOnLoad (144ms)
			ProcessInitializeOnLoadAttributes (333ms)
			ProcessInitializeOnLoadMethodAttributes (218ms)
			AfterProcessingInitializeOnLoad (8ms)
			EditorAssembliesLoaded (0ms)
		ExecutionOrderSort2 (0ms)
		AwakeInstancesAfterBackupRestoration (9ms)
Refreshing native plugins compatible for Editor in 3.99 ms, found 2 plugins.
Preloading 0 native plugins for Editor in 0.00 ms.
Unloading 0 Unused Serialized files (Serialized files now loaded: 0)
Unloading 3471 unused Assets / (0.9 MB). Loaded Objects now: 4058.
Memory consumption went from 93.2 MB to 92.3 MB.
Total: 11.771800 ms (FindLiveObjects: 0.539900 ms CreateObjectMapping: 0.176100 ms MarkObjects: 9.989900 ms  DeleteObjects: 1.064400 ms)

Prepare: number of updated asset objects reloaded= 0
========================================================================
Received Prepare
Begin MonoManager ReloadAssembly
[Licensing::Client] Successfully resolved entitlement details
[Licensing::Module] License group:
  Id: F4-2RVH-HF46-PESG-9S74-XXXX
  Product: Unity Personal
  Type: ULF
  Expiration: Unlimited
[Licensing::Module] License group:
  Id: 9072343078514-UnityPersXXXX
  Product: Unity Personal
  Type: Assigned
  Expiration: Unlimited
- Loaded All Assemblies, in  0.782 seconds
Refreshing native plugins compatible for Editor in 3.36 ms, found 2 plugins.
Native extension for WindowsStandalone target not found
[Package Manager] Failed to launch server process. Reason: Unity was launched with the -noUpm command-line argument
[Package Manager] Unable to send message (not connected to server process).
[Package Manager] Cannot connect to Unity Package Manager local server
ScheduleIndexationOnStartup MainProcess:False IndexOnStartup:True
Mono: successfully reloaded assembly
- Finished resetting the current domain, in  1.091 seconds
Domain Reload Profiling: 1869ms
	BeginReloadAssembly (260ms)
		ExecutionOrderSort (0ms)
		DisableScriptedObjects (10ms)
		BackupInstance (0ms)
		ReleaseScriptingObjects (0ms)
		CreateAndSetChildDomain (57ms)
	RebuildCommonClasses (52ms)
	RebuildNativeTypeToScriptingClass (22ms)
	initialDomainReloadingComplete (35ms)
	LoadAllAssembliesAndSetupDomain (409ms)
		LoadAssemblies (392ms)
		RebuildTransferFunctionScriptingTraits (0ms)
		AnalyzeDomain (145ms)
			TypeCache.Refresh (6ms)
				TypeCache.ScanAssembly (0ms)
			BuildScriptInfoCaches (127ms)
			ResolveRequiredComponents (7ms)
	FinalizeReload (1092ms)
		ReleaseScriptCaches (0ms)
		RebuildScriptCaches (0ms)
		SetupLoadedEditorAssemblies (929ms)
			LogAssemblyErrors (0ms)
			InitializePlatformSupportModulesInManaged (2ms)
			SetLoadedEditorAssemblies (6ms)
			BeforeProcessingInitializeOnLoad (195ms)
			ProcessInitializeOnLoadAttributes (435ms)
			ProcessInitializeOnLoadMethodAttributes (281ms)
			AfterProcessingInitializeOnLoad (10ms)
			EditorAssembliesLoaded (0ms)
		ExecutionOrderSort2 (0ms)
		AwakeInstancesAfterBackupRestoration (9ms)
Refreshing native plugins compatible for Editor in 5.74 ms, found 2 plugins.
Preloading 0 native plugins for Editor in 0.00 ms.
Unloading 0 Unused Serialized files (Serialized files now loaded: 0)
Unloading 3471 unused Assets / (0.9 MB). Loaded Objects now: 4059.
Memory consumption went from 93.2 MB to 92.3 MB.
Total: 15.035300 ms (FindLiveObjects: 0.815500 ms CreateObjectMapping: 0.496900 ms MarkObjects: 12.553900 ms  DeleteObjects: 1.167300 ms)

Prepare: number of updated asset objects reloaded= 0
========================================================================
Received Prepare
Begin MonoManager ReloadAssembly
[Licensing::Client] Successfully resolved entitlement details
[Licensing::Module] License group:
  Id: F4-2RVH-HF46-PESG-9S74-XXXX
  Product: Unity Personal
  Type: ULF
  Expiration: Unlimited
[Licensing::Module] License group:
  Id: 9072343078514-UnityPersXXXX
  Product: Unity Personal
  Type: Assigned
  Expiration: Unlimited
- Loaded All Assemblies, in  0.716 seconds
Refreshing native plugins compatible for Editor in 3.17 ms, found 2 plugins.
Native extension for WindowsStandalone target not found
[Package Manager] Failed to launch server process. Reason: Unity was launched with the -noUpm command-line argument
[Package Manager] Unable to send message (not connected to server process).
[Package Manager] Cannot connect to Unity Package Manager local server
ScheduleIndexationOnStartup MainProcess:False IndexOnStartup:True
Mono: successfully reloaded assembly
- Finished resetting the current domain, in  0.855 seconds
Domain Reload Profiling: 1569ms
	BeginReloadAssembly (247ms)
		ExecutionOrderSort (0ms)
		DisableScriptedObjects (10ms)
		BackupInstance (0ms)
		ReleaseScriptingObjects (0ms)
		CreateAndSetChildDomain (58ms)
	RebuildCommonClasses (49ms)
	RebuildNativeTypeToScriptingClass (18ms)
	initialDomainReloadingComplete (33ms)
	LoadAllAssembliesAndSetupDomain (367ms)
		LoadAssemblies (351ms)
		RebuildTransferFunctionScriptingTraits (0ms)
		AnalyzeDomain (132ms)
			TypeCache.Refresh (10ms)
				TypeCache.ScanAssembly (1ms)
			BuildScriptInfoCaches (116ms)
			ResolveRequiredComponents (4ms)
	FinalizeReload (856ms)
		ReleaseScriptCaches (0ms)
		RebuildScriptCaches (0ms)
		SetupLoadedEditorAssemblies (721ms)
			LogAssemblyErrors (0ms)
			InitializePlatformSupportModulesInManaged (2ms)
			SetLoadedEditorAssemblies (5ms)
			BeforeProcessingInitializeOnLoad (138ms)
			ProcessInitializeOnLoadAttributes (354ms)
			ProcessInitializeOnLoadMethodAttributes (213ms)
			AfterProcessingInitializeOnLoad (8ms)
			EditorAssembliesLoaded (1ms)
		ExecutionOrderSort2 (0ms)
		AwakeInstancesAfterBackupRestoration (11ms)
Refreshing native plugins compatible for Editor in 3.44 ms, found 2 plugins.
Preloading 0 native plugins for Editor in 0.00 ms.
Unloading 0 Unused Serialized files (Serialized files now loaded: 0)
Unloading 3471 unused Assets / (0.9 MB). Loaded Objects now: 4060.
Memory consumption went from 93.2 MB to 92.3 MB.
Total: 11.640400 ms (FindLiveObjects: 0.518900 ms CreateObjectMapping: 0.152100 ms MarkObjects: 10.042800 ms  DeleteObjects: 0.924900 ms)

Prepare: number of updated asset objects reloaded= 0
========================================================================
Received Import Request.
  Time since last request: 1350.968674 seconds.
  path: Assets/InputSystem_Actions.inputactions
  artifactKey: Guid(3ee215d4f2c75744db4784c44b3c4d65) Importer(2089858483,b0f066a214c2f5e87bad3c948f4d605d)
Start importing Assets/InputSystem_Actions.inputactions using Guid(3ee215d4f2c75744db4784c44b3c4d65) Importer(2089858483,b0f066a214c2f5e87bad3c948f4d605d) (ScriptedImporter) -> (artifact id: '9f6d781c0b6f6723b76dc71cd0a2548d') in 0.2414338 seconds
Number of updated asset objects reloaded before import = 0Number of asset objects unloaded after import = 21

========================================================================
Received Prepare
Begin MonoManager ReloadAssembly
[Licensing::Client] Successfully resolved entitlement details
[Licensing::Module] License group:
  Id: F4-2RVH-HF46-PESG-9S74-XXXX
  Product: Unity Personal
  Type: ULF
  Expiration: Unlimited
[Licensing::Module] License group:
  Id: 9072343078514-UnityPersXXXX
  Product: Unity Personal
  Type: Assigned
  Expiration: Unlimited
- Loaded All Assemblies, in  0.702 seconds
Refreshing native plugins compatible for Editor in 3.47 ms, found 2 plugins.
Native extension for WindowsStandalone target not found
[Package Manager] Failed to launch server process. Reason: Unity was launched with the -noUpm command-line argument
[Package Manager] Unable to send message (not connected to server process).
[Package Manager] Cannot connect to Unity Package Manager local server
ScheduleIndexationOnStartup MainProcess:False IndexOnStartup:True
Mono: successfully reloaded assembly
- Finished resetting the current domain, in  0.804 seconds
Domain Reload Profiling: 1504ms
	BeginReloadAssembly (246ms)
		ExecutionOrderSort (0ms)
		DisableScriptedObjects (8ms)
		BackupInstance (0ms)
		ReleaseScriptingObjects (0ms)
		CreateAndSetChildDomain (65ms)
	RebuildCommonClasses (48ms)
	RebuildNativeTypeToScriptingClass (18ms)
	initialDomainReloadingComplete (34ms)
	LoadAllAssembliesAndSetupDomain (353ms)
		LoadAssemblies (347ms)
		RebuildTransferFunctionScriptingTraits (0ms)
		AnalyzeDomain (122ms)
			TypeCache.Refresh (10ms)
				TypeCache.ScanAssembly (1ms)
			BuildScriptInfoCaches (106ms)
			ResolveRequiredComponents (4ms)
	FinalizeReload (805ms)
		ReleaseScriptCaches (0ms)
		RebuildScriptCaches (0ms)
		SetupLoadedEditorAssemblies (681ms)
			LogAssemblyErrors (0ms)
			InitializePlatformSupportModulesInManaged (2ms)
			SetLoadedEditorAssemblies (5ms)
			BeforeProcessingInitializeOnLoad (138ms)
			ProcessInitializeOnLoadAttributes (327ms)
			ProcessInitializeOnLoadMethodAttributes (200ms)
			AfterProcessingInitializeOnLoad (8ms)
			EditorAssembliesLoaded (0ms)
		ExecutionOrderSort2 (0ms)
		AwakeInstancesAfterBackupRestoration (7ms)
Refreshing native plugins compatible for Editor in 3.07 ms, found 2 plugins.
Preloading 0 native plugins for Editor in 0.00 ms.
Unloading 0 Unused Serialized files (Serialized files now loaded: 0)
Unloading 3471 unused Assets / (0.9 MB). Loaded Objects now: 4061.
Memory consumption went from 93.2 MB to 92.4 MB.
Total: 11.154500 ms (FindLiveObjects: 0.545000 ms CreateObjectMapping: 0.142800 ms MarkObjects: 9.400600 ms  DeleteObjects: 1.064400 ms)

Prepare: number of updated asset objects reloaded= 0
========================================================================
Received Prepare
Begin MonoManager ReloadAssembly
- Loaded All Assemblies, in  0.678 seconds
Refreshing native plugins compatible for Editor in 4.07 ms, found 2 plugins.
Native extension for WindowsStandalone target not found
[Package Manager] Failed to launch server process. Reason: Unity was launched with the -noUpm command-line argument
[Package Manager] Unable to send message (not connected to server process).
[Package Manager] Cannot connect to Unity Package Manager local server
ScheduleIndexationOnStartup MainProcess:False IndexOnStartup:True
Mono: successfully reloaded assembly
- Finished resetting the current domain, in  0.867 seconds
Domain Reload Profiling: 1543ms
	BeginReloadAssembly (223ms)
		ExecutionOrderSort (0ms)
		DisableScriptedObjects (6ms)
		BackupInstance (0ms)
		ReleaseScriptingObjects (0ms)
		CreateAndSetChildDomain (52ms)
	RebuildCommonClasses (48ms)
	RebuildNativeTypeToScriptingClass (18ms)
	initialDomainReloadingComplete (37ms)
	LoadAllAssembliesAndSetupDomain (349ms)
		LoadAssemblies (338ms)
		RebuildTransferFunctionScriptingTraits (0ms)
		AnalyzeDomain (123ms)
			TypeCache.Refresh (6ms)
				TypeCache.ScanAssembly (0ms)
			BuildScriptInfoCaches (110ms)
			ResolveRequiredComponents (4ms)
	FinalizeReload (868ms)
		ReleaseScriptCaches (0ms)
		RebuildScriptCaches (0ms)
		SetupLoadedEditorAssemblies (731ms)
			LogAssemblyErrors (0ms)
			InitializePlatformSupportModulesInManaged (2ms)
			SetLoadedEditorAssemblies (5ms)
			BeforeProcessingInitializeOnLoad (141ms)
			ProcessInitializeOnLoadAttributes (359ms)
			ProcessInitializeOnLoadMethodAttributes (215ms)
			AfterProcessingInitializeOnLoad (9ms)
			EditorAssembliesLoaded (1ms)
		ExecutionOrderSort2 (0ms)
		AwakeInstancesAfterBackupRestoration (12ms)
Refreshing native plugins compatible for Editor in 3.98 ms, found 2 plugins.
Preloading 0 native plugins for Editor in 0.00 ms.
Unloading 0 Unused Serialized files (Serialized files now loaded: 0)
Unloading 3471 unused Assets / (0.8 MB). Loaded Objects now: 4062.
Memory consumption went from 93.2 MB to 92.4 MB.
Total: 14.108100 ms (FindLiveObjects: 0.653700 ms CreateObjectMapping: 0.215800 ms MarkObjects: 12.297900 ms  DeleteObjects: 0.939500 ms)

Prepare: number of updated asset objects reloaded= 0
========================================================================
Received Prepare
Refreshing native plugins compatible for Editor in 4.30 ms, found 2 plugins.
Preloading 0 native plugins for Editor in 0.00 ms.
Unloading 0 Unused Serialized files (Serialized files now loaded: 0)
Unloading 3440 unused Assets / (0.9 MB). Loaded Objects now: 4062.
Memory consumption went from 93.3 MB to 92.4 MB.
Total: 14.887000 ms (FindLiveObjects: 0.650600 ms CreateObjectMapping: 0.153000 ms MarkObjects: 13.073600 ms  DeleteObjects: 1.008400 ms)

Prepare: number of updated asset objects reloaded= 0
========================================================================
Received Prepare
Refreshing native plugins compatible for Editor in 3.62 ms, found 2 plugins.
Preloading 0 native plugins for Editor in 0.00 ms.
Unloading 0 Unused Serialized files (Serialized files now loaded: 0)
Unloading 3440 unused Assets / (0.8 MB). Loaded Objects now: 4062.
Memory consumption went from 93.3 MB to 92.5 MB.
Total: 12.420400 ms (FindLiveObjects: 0.492400 ms CreateObjectMapping: 0.149700 ms MarkObjects: 10.820400 ms  DeleteObjects: 0.956400 ms)

Prepare: number of updated asset objects reloaded= 0
========================================================================
Received Prepare
Refreshing native plugins compatible for Editor in 4.10 ms, found 2 plugins.
Preloading 0 native plugins for Editor in 0.00 ms.
Unloading 0 Unused Serialized files (Serialized files now loaded: 0)
Unloading 3440 unused Assets / (0.8 MB). Loaded Objects now: 4062.
Memory consumption went from 93.3 MB to 92.4 MB.
Total: 12.376700 ms (FindLiveObjects: 0.547800 ms CreateObjectMapping: 0.160800 ms MarkObjects: 10.715900 ms  DeleteObjects: 0.951100 ms)

Prepare: number of updated asset objects reloaded= 0
========================================================================
Received Prepare
Refreshing native plugins compatible for Editor in 4.03 ms, found 2 plugins.
Preloading 0 native plugins for Editor in 0.00 ms.
Unloading 0 Unused Serialized files (Serialized files now loaded: 0)
Unloading 3440 unused Assets / (0.9 MB). Loaded Objects now: 4062.
Memory consumption went from 93.3 MB to 92.4 MB.
Total: 13.063900 ms (FindLiveObjects: 0.505900 ms CreateObjectMapping: 0.145500 ms MarkObjects: 11.481400 ms  DeleteObjects: 0.929800 ms)

Prepare: number of updated asset objects reloaded= 0
========================================================================
Received Prepare
Refreshing native plugins compatible for Editor in 3.65 ms, found 2 plugins.
Preloading 0 native plugins for Editor in 0.00 ms.
Unloading 0 Unused Serialized files (Serialized files now loaded: 0)
Unloading 3440 unused Assets / (0.8 MB). Loaded Objects now: 4062.
Memory consumption went from 93.3 MB to 92.5 MB.
Total: 13.825600 ms (FindLiveObjects: 0.544300 ms CreateObjectMapping: 0.149100 ms MarkObjects: 12.069800 ms  DeleteObjects: 1.060200 ms)

Prepare: number of updated asset objects reloaded= 0
========================================================================
Received Prepare
Refreshing native plugins compatible for Editor in 3.85 ms, found 2 plugins.
Preloading 0 native plugins for Editor in 0.00 ms.
Unloading 0 Unused Serialized files (Serialized files now loaded: 0)
Unloading 3440 unused Assets / (0.8 MB). Loaded Objects now: 4062.
Memory consumption went from 93.3 MB to 92.5 MB.
Total: 12.232900 ms (FindLiveObjects: 0.493500 ms CreateObjectMapping: 0.143000 ms MarkObjects: 10.592000 ms  DeleteObjects: 1.003000 ms)

Prepare: number of updated asset objects reloaded= 0
========================================================================
Received Prepare
Refreshing native plugins compatible for Editor in 3.63 ms, found 2 plugins.
Preloading 0 native plugins for Editor in 0.00 ms.
Unloading 0 Unused Serialized files (Serialized files now loaded: 0)
Unloading 3440 unused Assets / (0.8 MB). Loaded Objects now: 4062.
Memory consumption went from 93.3 MB to 92.5 MB.
Total: 11.918300 ms (FindLiveObjects: 0.515500 ms CreateObjectMapping: 0.142700 ms MarkObjects: 10.353000 ms  DeleteObjects: 0.905900 ms)

Prepare: number of updated asset objects reloaded= 0
========================================================================
Received Prepare
Refreshing native plugins compatible for Editor in 4.42 ms, found 2 plugins.
Preloading 0 native plugins for Editor in 0.00 ms.
Unloading 0 Unused Serialized files (Serialized files now loaded: 0)
Unloading 3440 unused Assets / (0.9 MB). Loaded Objects now: 4062.
Memory consumption went from 93.3 MB to 92.3 MB.
Total: 12.463200 ms (FindLiveObjects: 0.525300 ms CreateObjectMapping: 0.157000 ms MarkObjects: 10.645000 ms  DeleteObjects: 1.134100 ms)

Prepare: number of updated asset objects reloaded= 0
========================================================================
Received Prepare
Refreshing native plugins compatible for Editor in 4.33 ms, found 2 plugins.
Preloading 0 native plugins for Editor in 0.00 ms.
Unloading 0 Unused Serialized files (Serialized files now loaded: 0)
Unloading 3440 unused Assets / (0.8 MB). Loaded Objects now: 4062.
Memory consumption went from 93.3 MB to 92.4 MB.
Total: 12.414300 ms (FindLiveObjects: 0.575500 ms CreateObjectMapping: 0.164400 ms MarkObjects: 10.647200 ms  DeleteObjects: 1.025900 ms)

Prepare: number of updated asset objects reloaded= 0
========================================================================
Received Prepare
Refreshing native plugins compatible for Editor in 4.14 ms, found 2 plugins.
Preloading 0 native plugins for Editor in 0.00 ms.
Unloading 0 Unused Serialized files (Serialized files now loaded: 0)
Unloading 3440 unused Assets / (0.8 MB). Loaded Objects now: 4062.
Memory consumption went from 93.3 MB to 92.4 MB.
Total: 12.884500 ms (FindLiveObjects: 0.496400 ms CreateObjectMapping: 0.152500 ms MarkObjects: 11.180300 ms  DeleteObjects: 1.053500 ms)

Prepare: number of updated asset objects reloaded= 0
========================================================================
Received Prepare
Refreshing native plugins compatible for Editor in 4.02 ms, found 2 plugins.
Preloading 0 native plugins for Editor in 0.00 ms.
Unloading 0 Unused Serialized files (Serialized files now loaded: 0)
Unloading 3440 unused Assets / (0.8 MB). Loaded Objects now: 4062.
Memory consumption went from 93.3 MB to 92.4 MB.
Total: 12.244300 ms (FindLiveObjects: 0.501000 ms CreateObjectMapping: 0.151600 ms MarkObjects: 10.615500 ms  DeleteObjects: 0.975300 ms)

Prepare: number of updated asset objects reloaded= 0
========================================================================
Received Prepare
Refreshing native plugins compatible for Editor in 4.05 ms, found 2 plugins.
Preloading 0 native plugins for Editor in 0.00 ms.
Unloading 0 Unused Serialized files (Serialized files now loaded: 0)
Unloading 3440 unused Assets / (0.9 MB). Loaded Objects now: 4062.
Memory consumption went from 93.3 MB to 92.4 MB.
Total: 12.049000 ms (FindLiveObjects: 0.542800 ms CreateObjectMapping: 0.155700 ms MarkObjects: 10.439200 ms  DeleteObjects: 0.909900 ms)

Prepare: number of updated asset objects reloaded= 0
========================================================================
Received Prepare
Refreshing native plugins compatible for Editor in 3.82 ms, found 2 plugins.
Preloading 0 native plugins for Editor in 0.00 ms.
Unloading 0 Unused Serialized files (Serialized files now loaded: 0)
Unloading 3440 unused Assets / (0.8 MB). Loaded Objects now: 4062.
Memory consumption went from 93.3 MB to 92.5 MB.
Total: 12.162800 ms (FindLiveObjects: 0.556100 ms CreateObjectMapping: 0.168600 ms MarkObjects: 10.396300 ms  DeleteObjects: 1.040500 ms)

Prepare: number of updated asset objects reloaded= 0
========================================================================
Received Prepare
Refreshing native plugins compatible for Editor in 4.06 ms, found 2 plugins.
Preloading 0 native plugins for Editor in 0.00 ms.
Unloading 0 Unused Serialized files (Serialized files now loaded: 0)
Unloading 3440 unused Assets / (0.7 MB). Loaded Objects now: 4062.
Memory consumption went from 93.3 MB to 92.5 MB.
Total: 13.163200 ms (FindLiveObjects: 0.638400 ms CreateObjectMapping: 0.179800 ms MarkObjects: 11.402800 ms  DeleteObjects: 0.941000 ms)

Prepare: number of updated asset objects reloaded= 0
========================================================================
Received Prepare
Refreshing native plugins compatible for Editor in 3.65 ms, found 2 plugins.
Preloading 0 native plugins for Editor in 0.00 ms.
Unloading 0 Unused Serialized files (Serialized files now loaded: 0)
Unloading 3440 unused Assets / (0.8 MB). Loaded Objects now: 4062.
Memory consumption went from 93.3 MB to 92.5 MB.
Total: 12.113800 ms (FindLiveObjects: 0.568400 ms CreateObjectMapping: 0.171000 ms MarkObjects: 10.412100 ms  DeleteObjects: 0.960800 ms)

Prepare: number of updated asset objects reloaded= 0
========================================================================
Received Prepare
Begin MonoManager ReloadAssembly
[Licensing::Client] Successfully resolved entitlement details
[Licensing::Module] License group:
  Id: F4-2RVH-HF46-PESG-9S74-XXXX
  Product: Unity Personal
  Type: ULF
  Expiration: Unlimited
[Licensing::Module] License group:
  Id: 9072343078514-UnityPersXXXX
  Product: Unity Personal
  Type: Assigned
  Expiration: Unlimited
- Loaded All Assemblies, in  0.715 seconds
Refreshing native plugins compatible for Editor in 4.01 ms, found 2 plugins.
Native extension for WindowsStandalone target not found
[Package Manager] Failed to launch server process. Reason: Unity was launched with the -noUpm command-line argument
[Package Manager] Unable to send message (not connected to server process).
[Package Manager] Cannot connect to Unity Package Manager local server
ScheduleIndexationOnStartup MainProcess:False IndexOnStartup:True
Mono: successfully reloaded assembly
- Finished resetting the current domain, in  0.810 seconds
Domain Reload Profiling: 1522ms
	BeginReloadAssembly (242ms)
		ExecutionOrderSort (0ms)
		DisableScriptedObjects (7ms)
		BackupInstance (0ms)
		ReleaseScriptingObjects (0ms)
		CreateAndSetChildDomain (56ms)
	RebuildCommonClasses (50ms)
	RebuildNativeTypeToScriptingClass (23ms)
	initialDomainReloadingComplete (35ms)
	LoadAllAssembliesAndSetupDomain (363ms)
		LoadAssemblies (354ms)
		RebuildTransferFunctionScriptingTraits (0ms)
		AnalyzeDomain (123ms)
			TypeCache.Refresh (10ms)
				TypeCache.ScanAssembly (1ms)
			BuildScriptInfoCaches (106ms)
			ResolveRequiredComponents (4ms)
	FinalizeReload (810ms)
		ReleaseScriptCaches (0ms)
		RebuildScriptCaches (0ms)
		SetupLoadedEditorAssemblies (687ms)
			LogAssemblyErrors (0ms)
			InitializePlatformSupportModulesInManaged (2ms)
			SetLoadedEditorAssemblies (4ms)
			BeforeProcessingInitializeOnLoad (140ms)
			ProcessInitializeOnLoadAttributes (325ms)
			ProcessInitializeOnLoadMethodAttributes (206ms)
			AfterProcessingInitializeOnLoad (9ms)
			EditorAssembliesLoaded (0ms)
		ExecutionOrderSort2 (0ms)
		AwakeInstancesAfterBackupRestoration (9ms)
Refreshing native plugins compatible for Editor in 3.28 ms, found 2 plugins.
Preloading 0 native plugins for Editor in 0.00 ms.
Unloading 0 Unused Serialized files (Serialized files now loaded: 0)
Unloading 3471 unused Assets / (1.0 MB). Loaded Objects now: 4063.
Memory consumption went from 93.3 MB to 92.3 MB.
Total: 11.842900 ms (FindLiveObjects: 0.569500 ms CreateObjectMapping: 0.350100 ms MarkObjects: 9.908300 ms  DeleteObjects: 1.014200 ms)

Prepare: number of updated asset objects reloaded= 0
========================================================================
Received Prepare
Begin MonoManager ReloadAssembly
[Licensing::Client] Successfully resolved entitlement details
[Licensing::Module] License group:
  Id: F4-2RVH-HF46-PESG-9S74-XXXX
  Product: Unity Personal
  Type: ULF
  Expiration: Unlimited
[Licensing::Module] License group:
  Id: 9072343078514-UnityPersXXXX
  Product: Unity Personal
  Type: Assigned
  Expiration: Unlimited
- Loaded All Assemblies, in  0.705 seconds
Refreshing native plugins compatible for Editor in 3.39 ms, found 2 plugins.
Native extension for WindowsStandalone target not found
[Package Manager] Failed to launch server process. Reason: Unity was launched with the -noUpm command-line argument
[Package Manager] Unable to send message (not connected to server process).
[Package Manager] Cannot connect to Unity Package Manager local server
ScheduleIndexationOnStartup MainProcess:False IndexOnStartup:True
Mono: successfully reloaded assembly
- Finished resetting the current domain, in  0.876 seconds
Domain Reload Profiling: 1579ms
	BeginReloadAssembly (239ms)
		ExecutionOrderSort (0ms)
		DisableScriptedObjects (9ms)
		BackupInstance (0ms)
		ReleaseScriptingObjects (0ms)
		CreateAndSetChildDomain (56ms)
	RebuildCommonClasses (52ms)
	RebuildNativeTypeToScriptingClass (19ms)
	initialDomainReloadingComplete (35ms)
	LoadAllAssembliesAndSetupDomain (358ms)
		LoadAssemblies (343ms)
		RebuildTransferFunctionScriptingTraits (0ms)
		AnalyzeDomain (129ms)
			TypeCache.Refresh (10ms)
				TypeCache.ScanAssembly (1ms)
			BuildScriptInfoCaches (111ms)
			ResolveRequiredComponents (5ms)
	FinalizeReload (876ms)
		ReleaseScriptCaches (0ms)
		RebuildScriptCaches (0ms)
		SetupLoadedEditorAssemblies (740ms)
			LogAssemblyErrors (0ms)
			InitializePlatformSupportModulesInManaged (2ms)
			SetLoadedEditorAssemblies (6ms)
			BeforeProcessingInitializeOnLoad (155ms)
			ProcessInitializeOnLoadAttributes (339ms)
			ProcessInitializeOnLoadMethodAttributes (229ms)
			AfterProcessingInitializeOnLoad (10ms)
			EditorAssembliesLoaded (0ms)
		ExecutionOrderSort2 (0ms)
		AwakeInstancesAfterBackupRestoration (9ms)
Refreshing native plugins compatible for Editor in 4.10 ms, found 2 plugins.
Preloading 0 native plugins for Editor in 0.00 ms.
Unloading 0 Unused Serialized files (Serialized files now loaded: 0)
Unloading 3471 unused Assets / (1.1 MB). Loaded Objects now: 4064.
Memory consumption went from 93.3 MB to 92.1 MB.
Total: 13.053300 ms (FindLiveObjects: 0.567100 ms CreateObjectMapping: 0.149400 ms MarkObjects: 10.881400 ms  DeleteObjects: 1.453700 ms)

Prepare: number of updated asset objects reloaded= 0
========================================================================
Received Prepare
Begin MonoManager ReloadAssembly
- Loaded All Assemblies, in  0.714 seconds
Refreshing native plugins compatible for Editor in 4.08 ms, found 2 plugins.
Native extension for WindowsStandalone target not found
[Package Manager] Failed to launch server process. Reason: Unity was launched with the -noUpm command-line argument
[Package Manager] Unable to send message (not connected to server process).
[Package Manager] Cannot connect to Unity Package Manager local server
ScheduleIndexationOnStartup MainProcess:False IndexOnStartup:True
Mono: successfully reloaded assembly
- Finished resetting the current domain, in  0.874 seconds
Domain Reload Profiling: 1585ms
	BeginReloadAssembly (229ms)
		ExecutionOrderSort (0ms)
		DisableScriptedObjects (9ms)
		BackupInstance (0ms)
		ReleaseScriptingObjects (0ms)
		CreateAndSetChildDomain (52ms)
	RebuildCommonClasses (49ms)
	RebuildNativeTypeToScriptingClass (19ms)
	initialDomainReloadingComplete (41ms)
	LoadAllAssembliesAndSetupDomain (374ms)
		LoadAssemblies (349ms)
		RebuildTransferFunctionScriptingTraits (0ms)
		AnalyzeDomain (143ms)
			TypeCache.Refresh (6ms)
				TypeCache.ScanAssembly (0ms)
			BuildScriptInfoCaches (128ms)
			ResolveRequiredComponents (5ms)
	FinalizeReload (874ms)
		ReleaseScriptCaches (0ms)
		RebuildScriptCaches (0ms)
		SetupLoadedEditorAssemblies (736ms)
			LogAssemblyErrors (0ms)
			InitializePlatformSupportModulesInManaged (2ms)
			SetLoadedEditorAssemblies (5ms)
			BeforeProcessingInitializeOnLoad (144ms)
			ProcessInitializeOnLoadAttributes (358ms)
			ProcessInitializeOnLoadMethodAttributes (218ms)
			AfterProcessingInitializeOnLoad (9ms)
			EditorAssembliesLoaded (1ms)
		ExecutionOrderSort2 (0ms)
		AwakeInstancesAfterBackupRestoration (8ms)
Refreshing native plugins compatible for Editor in 3.38 ms, found 2 plugins.
Preloading 0 native plugins for Editor in 0.00 ms.
Unloading 0 Unused Serialized files (Serialized files now loaded: 0)
Unloading 3471 unused Assets / (0.9 MB). Loaded Objects now: 4065.
Memory consumption went from 93.3 MB to 92.3 MB.
Total: 12.245900 ms (FindLiveObjects: 0.693400 ms CreateObjectMapping: 0.161800 ms MarkObjects: 10.477600 ms  DeleteObjects: 0.911900 ms)

Prepare: number of updated asset objects reloaded= 0
========================================================================
Received Prepare
Refreshing native plugins compatible for Editor in 3.75 ms, found 2 plugins.
Preloading 0 native plugins for Editor in 0.00 ms.
Unloading 0 Unused Serialized files (Serialized files now loaded: 0)
Unloading 3440 unused Assets / (1.0 MB). Loaded Objects now: 4065.
Memory consumption went from 93.3 MB to 92.2 MB.
Total: 13.694900 ms (FindLiveObjects: 0.511500 ms CreateObjectMapping: 0.146600 ms MarkObjects: 11.771700 ms  DeleteObjects: 1.263900 ms)

Prepare: number of updated asset objects reloaded= 0
========================================================================
Received Prepare
Begin MonoManager ReloadAssembly
- Loaded All Assemblies, in  0.740 seconds
Refreshing native plugins compatible for Editor in 4.41 ms, found 2 plugins.
Native extension for WindowsStandalone target not found
[Package Manager] Failed to launch server process. Reason: Unity was launched with the -noUpm command-line argument
[Package Manager] Unable to send message (not connected to server process).
[Package Manager] Cannot connect to Unity Package Manager local server
ScheduleIndexationOnStartup MainProcess:False IndexOnStartup:True
Mono: successfully reloaded assembly
- Finished resetting the current domain, in  0.812 seconds
Domain Reload Profiling: 1549ms
	BeginReloadAssembly (248ms)
		ExecutionOrderSort (0ms)
		DisableScriptedObjects (10ms)
		BackupInstance (0ms)
		ReleaseScriptingObjects (0ms)
		CreateAndSetChildDomain (57ms)
	RebuildCommonClasses (50ms)
	RebuildNativeTypeToScriptingClass (19ms)
	initialDomainReloadingComplete (35ms)
	LoadAllAssembliesAndSetupDomain (385ms)
		LoadAssemblies (370ms)
		RebuildTransferFunctionScriptingTraits (0ms)
		AnalyzeDomain (137ms)
			TypeCache.Refresh (10ms)
				TypeCache.ScanAssembly (1ms)
			BuildScriptInfoCaches (119ms)
			ResolveRequiredComponents (4ms)
	FinalizeReload (812ms)
		ReleaseScriptCaches (0ms)
		RebuildScriptCaches (0ms)
		SetupLoadedEditorAssemblies (686ms)
			LogAssemblyErrors (0ms)
			InitializePlatformSupportModulesInManaged (2ms)
			SetLoadedEditorAssemblies (4ms)
			BeforeProcessingInitializeOnLoad (150ms)
			ProcessInitializeOnLoadAttributes (324ms)
			ProcessInitializeOnLoadMethodAttributes (197ms)
			AfterProcessingInitializeOnLoad (8ms)
			EditorAssembliesLoaded (0ms)
		ExecutionOrderSort2 (0ms)
		AwakeInstancesAfterBackupRestoration (8ms)
Refreshing native plugins compatible for Editor in 3.62 ms, found 2 plugins.
Preloading 0 native plugins for Editor in 0.00 ms.
Unloading 0 Unused Serialized files (Serialized files now loaded: 0)
Unloading 3471 unused Assets / (0.8 MB). Loaded Objects now: 4066.
Memory consumption went from 93.3 MB to 92.4 MB.
Total: 12.542800 ms (FindLiveObjects: 0.482900 ms CreateObjectMapping: 0.140600 ms MarkObjects: 11.010000 ms  DeleteObjects: 0.907500 ms)

Prepare: number of updated asset objects reloaded= 0
========================================================================
Received Prepare
Begin MonoManager ReloadAssembly
[Licensing::Client] Successfully resolved entitlement details
[Licensing::Module] License group:
  Id: F4-2RVH-HF46-PESG-9S74-XXXX
  Product: Unity Personal
  Type: ULF
  Expiration: Unlimited
[Licensing::Module] License group:
  Id: 9072343078514-UnityPersXXXX
  Product: Unity Personal
  Type: Assigned
  Expiration: Unlimited
- Loaded All Assemblies, in  0.674 seconds
Refreshing native plugins compatible for Editor in 3.98 ms, found 2 plugins.
Native extension for WindowsStandalone target not found
[Package Manager] Failed to launch server process. Reason: Unity was launched with the -noUpm command-line argument
[Package Manager] Unable to send message (not connected to server process).
[Package Manager] Cannot connect to Unity Package Manager local server
ScheduleIndexationOnStartup MainProcess:False IndexOnStartup:True
Mono: successfully reloaded assembly
- Finished resetting the current domain, in  0.864 seconds
Domain Reload Profiling: 1536ms
	BeginReloadAssembly (225ms)
		ExecutionOrderSort (0ms)
		DisableScriptedObjects (8ms)
		BackupInstance (0ms)
		ReleaseScriptingObjects (0ms)
		CreateAndSetChildDomain (53ms)
	RebuildCommonClasses (49ms)
	RebuildNativeTypeToScriptingClass (21ms)
	initialDomainReloadingComplete (34ms)
	LoadAllAssembliesAndSetupDomain (343ms)
		LoadAssemblies (322ms)
		RebuildTransferFunctionScriptingTraits (0ms)
		AnalyzeDomain (125ms)
			TypeCache.Refresh (6ms)
				TypeCache.ScanAssembly (0ms)
			BuildScriptInfoCaches (111ms)
			ResolveRequiredComponents (4ms)
	FinalizeReload (865ms)
		ReleaseScriptCaches (0ms)
		RebuildScriptCaches (0ms)
		SetupLoadedEditorAssemblies (729ms)
			LogAssemblyErrors (0ms)
			InitializePlatformSupportModulesInManaged (2ms)
			SetLoadedEditorAssemblies (5ms)
			BeforeProcessingInitializeOnLoad (145ms)
			ProcessInitializeOnLoadAttributes (345ms)
			ProcessInitializeOnLoadMethodAttributes (223ms)
			AfterProcessingInitializeOnLoad (9ms)
			EditorAssembliesLoaded (0ms)
		ExecutionOrderSort2 (0ms)
		AwakeInstancesAfterBackupRestoration (9ms)
Refreshing native plugins compatible for Editor in 3.81 ms, found 2 plugins.
Preloading 0 native plugins for Editor in 0.00 ms.
Unloading 0 Unused Serialized files (Serialized files now loaded: 0)
Unloading 3471 unused Assets / (0.8 MB). Loaded Objects now: 4067.
Memory consumption went from 93.3 MB to 92.4 MB.
Total: 12.897300 ms (FindLiveObjects: 0.541100 ms CreateObjectMapping: 0.144200 ms MarkObjects: 11.183600 ms  DeleteObjects: 1.026500 ms)

Prepare: number of updated asset objects reloaded= 0
========================================================================
Received Prepare
Refreshing native plugins compatible for Editor in 3.77 ms, found 2 plugins.
Preloading 0 native plugins for Editor in 0.00 ms.
Unloading 0 Unused Serialized files (Serialized files now loaded: 0)
Unloading 3440 unused Assets / (0.8 MB). Loaded Objects now: 4067.
Memory consumption went from 93.3 MB to 92.4 MB.
Total: 12.662400 ms (FindLiveObjects: 0.514800 ms CreateObjectMapping: 0.154800 ms MarkObjects: 10.963100 ms  DeleteObjects: 1.028200 ms)

Prepare: number of updated asset objects reloaded= 0
========================================================================
Received Prepare
Refreshing native plugins compatible for Editor in 3.79 ms, found 2 plugins.
Preloading 0 native plugins for Editor in 0.00 ms.
Unloading 0 Unused Serialized files (Serialized files now loaded: 0)
Unloading 3440 unused Assets / (0.9 MB). Loaded Objects now: 4067.
Memory consumption went from 93.3 MB to 92.4 MB.
Total: 12.320900 ms (FindLiveObjects: 0.524900 ms CreateObjectMapping: 0.157100 ms MarkObjects: 10.522400 ms  DeleteObjects: 1.115000 ms)

Prepare: number of updated asset objects reloaded= 0
========================================================================
Received Prepare
Begin MonoManager ReloadAssembly
[Licensing::Client] Successfully resolved entitlement details
[Licensing::Module] License group:
  Id: F4-2RVH-HF46-PESG-9S74-XXXX
  Product: Unity Personal
  Type: ULF
  Expiration: Unlimited
[Licensing::Module] License group:
  Id: 9072343078514-UnityPersXXXX
  Product: Unity Personal
  Type: Assigned
  Expiration: Unlimited
- Loaded All Assemblies, in  0.646 seconds
Refreshing native plugins compatible for Editor in 3.54 ms, found 2 plugins.
Native extension for WindowsStandalone target not found
[Package Manager] Failed to launch server process. Reason: Unity was launched with the -noUpm command-line argument
[Package Manager] Unable to send message (not connected to server process).
[Package Manager] Cannot connect to Unity Package Manager local server
ScheduleIndexationOnStartup MainProcess:False IndexOnStartup:True
Mono: successfully reloaded assembly
- Finished resetting the current domain, in  0.812 seconds
Domain Reload Profiling: 1457ms
	BeginReloadAssembly (212ms)
		ExecutionOrderSort (0ms)
		DisableScriptedObjects (6ms)
		BackupInstance (0ms)
		ReleaseScriptingObjects (0ms)
		CreateAndSetChildDomain (48ms)
	RebuildCommonClasses (40ms)
	RebuildNativeTypeToScriptingClass (15ms)
	initialDomainReloadingComplete (30ms)
	LoadAllAssembliesAndSetupDomain (347ms)
		LoadAssemblies (312ms)
		RebuildTransferFunctionScriptingTraits (0ms)
		AnalyzeDomain (136ms)
			TypeCache.Refresh (11ms)
				TypeCache.ScanAssembly (1ms)
			BuildScriptInfoCaches (116ms)
			ResolveRequiredComponents (5ms)
	FinalizeReload (813ms)
		ReleaseScriptCaches (0ms)
		RebuildScriptCaches (0ms)
		SetupLoadedEditorAssemblies (681ms)
			LogAssemblyErrors (0ms)
			InitializePlatformSupportModulesInManaged (2ms)
			SetLoadedEditorAssemblies (5ms)
			BeforeProcessingInitializeOnLoad (135ms)
			ProcessInitializeOnLoadAttributes (325ms)
			ProcessInitializeOnLoadMethodAttributes (206ms)
			AfterProcessingInitializeOnLoad (8ms)
			EditorAssembliesLoaded (0ms)
		ExecutionOrderSort2 (0ms)
		AwakeInstancesAfterBackupRestoration (8ms)
Refreshing native plugins compatible for Editor in 3.33 ms, found 2 plugins.
Preloading 0 native plugins for Editor in 0.00 ms.
Unloading 0 Unused Serialized files (Serialized files now loaded: 0)
Unloading 3471 unused Assets / (0.9 MB). Loaded Objects now: 4068.
Memory consumption went from 93.3 MB to 92.4 MB.
Total: 11.962600 ms (FindLiveObjects: 0.538300 ms CreateObjectMapping: 0.146500 ms MarkObjects: 10.361500 ms  DeleteObjects: 0.915000 ms)

Prepare: number of updated asset objects reloaded= 0
========================================================================
Received Prepare
Begin MonoManager ReloadAssembly
- Loaded All Assemblies, in  0.669 seconds
Refreshing native plugins compatible for Editor in 4.04 ms, found 2 plugins.
Native extension for WindowsStandalone target not found
[Package Manager] Failed to launch server process. Reason: Unity was launched with the -noUpm command-line argument
[Package Manager] Unable to send message (not connected to server process).
[Package Manager] Cannot connect to Unity Package Manager local server
ScheduleIndexationOnStartup MainProcess:False IndexOnStartup:True
Mono: successfully reloaded assembly
- Finished resetting the current domain, in  0.876 seconds
Domain Reload Profiling: 1542ms
	BeginReloadAssembly (218ms)
		ExecutionOrderSort (0ms)
		DisableScriptedObjects (9ms)
		BackupInstance (0ms)
		ReleaseScriptingObjects (0ms)
		CreateAndSetChildDomain (52ms)
	RebuildCommonClasses (49ms)
	RebuildNativeTypeToScriptingClass (17ms)
	initialDomainReloadingComplete (34ms)
	LoadAllAssembliesAndSetupDomain (349ms)
		LoadAssemblies (328ms)
		RebuildTransferFunctionScriptingTraits (0ms)
		AnalyzeDomain (123ms)
			TypeCache.Refresh (6ms)
				TypeCache.ScanAssembly (0ms)
			BuildScriptInfoCaches (110ms)
			ResolveRequiredComponents (4ms)
	FinalizeReload (876ms)
		ReleaseScriptCaches (0ms)
		RebuildScriptCaches (0ms)
		SetupLoadedEditorAssemblies (735ms)
			LogAssemblyErrors (0ms)
			InitializePlatformSupportModulesInManaged (2ms)
			SetLoadedEditorAssemblies (5ms)
			BeforeProcessingInitializeOnLoad (147ms)
			ProcessInitializeOnLoadAttributes (352ms)
			ProcessInitializeOnLoadMethodAttributes (219ms)
			AfterProcessingInitializeOnLoad (9ms)
			EditorAssembliesLoaded (0ms)
		ExecutionOrderSort2 (0ms)
		AwakeInstancesAfterBackupRestoration (7ms)
Refreshing native plugins compatible for Editor in 3.37 ms, found 2 plugins.
Preloading 0 native plugins for Editor in 0.00 ms.
Unloading 0 Unused Serialized files (Serialized files now loaded: 0)
Unloading 3471 unused Assets / (0.9 MB). Loaded Objects now: 4069.
Memory consumption went from 93.3 MB to 92.4 MB.
Total: 12.416600 ms (FindLiveObjects: 0.982400 ms CreateObjectMapping: 0.259100 ms MarkObjects: 10.147300 ms  DeleteObjects: 1.026400 ms)

Prepare: number of updated asset objects reloaded= 0
========================================================================
Received Prepare
Refreshing native plugins compatible for Editor in 4.14 ms, found 2 plugins.
Preloading 0 native plugins for Editor in 0.00 ms.
Unloading 0 Unused Serialized files (Serialized files now loaded: 0)
Unloading 3440 unused Assets / (1.0 MB). Loaded Objects now: 4069.
Memory consumption went from 93.3 MB to 92.3 MB.
Total: 13.166000 ms (FindLiveObjects: 0.919800 ms CreateObjectMapping: 0.170500 ms MarkObjects: 11.078500 ms  DeleteObjects: 0.996200 ms)

Prepare: number of updated asset objects reloaded= 0
========================================================================
Received Prepare
Begin MonoManager ReloadAssembly
- Loaded All Assemblies, in  0.679 seconds
Refreshing native plugins compatible for Editor in 3.79 ms, found 2 plugins.
Native extension for WindowsStandalone target not found
[Package Manager] Failed to launch server process. Reason: Unity was launched with the -noUpm command-line argument
[Package Manager] Unable to send message (not connected to server process).
[Package Manager] Cannot connect to Unity Package Manager local server
ScheduleIndexationOnStartup MainProcess:False IndexOnStartup:True
Mono: successfully reloaded assembly
- Finished resetting the current domain, in  0.861 seconds
Domain Reload Profiling: 1539ms
	BeginReloadAssembly (239ms)
		ExecutionOrderSort (0ms)
		DisableScriptedObjects (8ms)
		BackupInstance (0ms)
		ReleaseScriptingObjects (0ms)
		CreateAndSetChildDomain (48ms)
	RebuildCommonClasses (48ms)
	RebuildNativeTypeToScriptingClass (18ms)
	initialDomainReloadingComplete (30ms)
	LoadAllAssembliesAndSetupDomain (342ms)
		LoadAssemblies (350ms)
		RebuildTransferFunctionScriptingTraits (0ms)
		AnalyzeDomain (121ms)
			TypeCache.Refresh (10ms)
				TypeCache.ScanAssembly (1ms)
			BuildScriptInfoCaches (103ms)
			ResolveRequiredComponents (4ms)
	FinalizeReload (861ms)
		ReleaseScriptCaches (0ms)
		RebuildScriptCaches (0ms)
		SetupLoadedEditorAssemblies (720ms)
			LogAssemblyErrors (0ms)
			InitializePlatformSupportModulesInManaged (2ms)
			SetLoadedEditorAssemblies (5ms)
			BeforeProcessingInitializeOnLoad (155ms)
			ProcessInitializeOnLoadAttributes (340ms)
			ProcessInitializeOnLoadMethodAttributes (209ms)
			AfterProcessingInitializeOnLoad (10ms)
			EditorAssembliesLoaded (1ms)
		ExecutionOrderSort2 (0ms)
		AwakeInstancesAfterBackupRestoration (8ms)
Refreshing native plugins compatible for Editor in 3.45 ms, found 2 plugins.
Preloading 0 native plugins for Editor in 0.00 ms.
Unloading 0 Unused Serialized files (Serialized files now loaded: 0)
Unloading 3471 unused Assets / (0.8 MB). Loaded Objects now: 4070.
Memory consumption went from 93.3 MB to 92.4 MB.
Total: 13.211600 ms (FindLiveObjects: 0.627500 ms CreateObjectMapping: 0.237900 ms MarkObjects: 11.093600 ms  DeleteObjects: 1.251100 ms)

Prepare: number of updated asset objects reloaded= 0
========================================================================
Received Prepare
Begin MonoManager ReloadAssembly
- Loaded All Assemblies, in  0.687 seconds
Refreshing native plugins compatible for Editor in 4.32 ms, found 2 plugins.
Native extension for WindowsStandalone target not found
[Package Manager] Failed to launch server process. Reason: Unity was launched with the -noUpm command-line argument
[Package Manager] Unable to send message (not connected to server process).
[Package Manager] Cannot connect to Unity Package Manager local server
ScheduleIndexationOnStartup MainProcess:False IndexOnStartup:True
Mono: successfully reloaded assembly
- Finished resetting the current domain, in  0.862 seconds
Domain Reload Profiling: 1546ms
	BeginReloadAssembly (229ms)
		ExecutionOrderSort (0ms)
		DisableScriptedObjects (8ms)
		BackupInstance (0ms)
		ReleaseScriptingObjects (0ms)
		CreateAndSetChildDomain (48ms)
	RebuildCommonClasses (48ms)
	RebuildNativeTypeToScriptingClass (18ms)
	initialDomainReloadingComplete (33ms)
	LoadAllAssembliesAndSetupDomain (355ms)
		LoadAssemblies (354ms)
		RebuildTransferFunctionScriptingTraits (0ms)
		AnalyzeDomain (121ms)
			TypeCache.Refresh (6ms)
				TypeCache.ScanAssembly (0ms)
			BuildScriptInfoCaches (108ms)
			ResolveRequiredComponents (4ms)
	FinalizeReload (862ms)
		ReleaseScriptCaches (0ms)
		RebuildScriptCaches (0ms)
		SetupLoadedEditorAssemblies (728ms)
			LogAssemblyErrors (0ms)
			InitializePlatformSupportModulesInManaged (2ms)
			SetLoadedEditorAssemblies (5ms)
			BeforeProcessingInitializeOnLoad (139ms)
			ProcessInitializeOnLoadAttributes (349ms)
			ProcessInitializeOnLoadMethodAttributes (224ms)
			AfterProcessingInitializeOnLoad (10ms)
			EditorAssembliesLoaded (0ms)
		ExecutionOrderSort2 (0ms)
		AwakeInstancesAfterBackupRestoration (8ms)
Refreshing native plugins compatible for Editor in 3.48 ms, found 2 plugins.
Preloading 0 native plugins for Editor in 0.00 ms.
Unloading 0 Unused Serialized files (Serialized files now loaded: 0)
Unloading 3471 unused Assets / (0.9 MB). Loaded Objects now: 4071.
Memory consumption went from 93.3 MB to 92.4 MB.
Total: 13.143800 ms (FindLiveObjects: 0.537100 ms CreateObjectMapping: 0.146200 ms MarkObjects: 11.436300 ms  DeleteObjects: 1.023000 ms)

Prepare: number of updated asset objects reloaded= 0
========================================================================
Received Prepare
Refreshing native plugins compatible for Editor in 4.10 ms, found 2 plugins.
Preloading 0 native plugins for Editor in 0.00 ms.
Unloading 0 Unused Serialized files (Serialized files now loaded: 0)
Unloading 3441 unused Assets / (0.8 MB). Loaded Objects now: 4072.
Memory consumption went from 93.3 MB to 92.5 MB.
Total: 12.215400 ms (FindLiveObjects: 0.505300 ms CreateObjectMapping: 0.154500 ms MarkObjects: 10.517900 ms  DeleteObjects: 1.036400 ms)

Prepare: number of updated asset objects reloaded= 1
========================================================================
Received Import Request.
  Time since last request: 2585.350874 seconds.
  path: Assets/InputSystem_Actions.inputactions
  artifactKey: Guid(3ee215d4f2c75744db4784c44b3c4d65) Importer(815301076,1909f56bfc062723c751e8b465ee728b)
Start importing Assets/InputSystem_Actions.inputactions using Guid(3ee215d4f2c75744db4784c44b3c4d65) Importer(815301076,1909f56bfc062723c751e8b465ee728b) (PreviewImporter) -> (artifact id: '8a12ab49721cdc08cbe6e196c2c77a7c') in 0.0610121 seconds
Number of updated asset objects reloaded before import = 0Number of asset objects unloaded after import = 19

========================================================================
Received Prepare
Begin MonoManager ReloadAssembly
[Licensing::Client] Successfully resolved entitlement details
[Licensing::Module] License group:
  Id: F4-2RVH-HF46-PESG-9S74-XXXX
  Product: Unity Personal
  Type: ULF
  Expiration: Unlimited
[Licensing::Module] License group:
  Id: 9072343078514-UnityPersXXXX
  Product: Unity Personal
  Type: Assigned
  Expiration: Unlimited
- Loaded All Assemblies, in  0.701 seconds
Refreshing native plugins compatible for Editor in 3.96 ms, found 2 plugins.
Native extension for WindowsStandalone target not found
[Package Manager] Failed to launch server process. Reason: Unity was launched with the -noUpm command-line argument
[Package Manager] Unable to send message (not connected to server process).
[Package Manager] Cannot connect to Unity Package Manager local server
ScheduleIndexationOnStartup MainProcess:False IndexOnStartup:True
Mono: successfully reloaded assembly
- Finished resetting the current domain, in  0.930 seconds
Domain Reload Profiling: 1630ms
	BeginReloadAssembly (242ms)
		ExecutionOrderSort (0ms)
		DisableScriptedObjects (10ms)
		BackupInstance (0ms)
		ReleaseScriptingObjects (0ms)
		CreateAndSetChildDomain (64ms)
	RebuildCommonClasses (48ms)
	RebuildNativeTypeToScriptingClass (18ms)
	initialDomainReloadingComplete (32ms)
	LoadAllAssembliesAndSetupDomain (358ms)
		LoadAssemblies (341ms)
		RebuildTransferFunctionScriptingTraits (0ms)
		AnalyzeDomain (130ms)
			TypeCache.Refresh (9ms)
				TypeCache.ScanAssembly (1ms)
			BuildScriptInfoCaches (112ms)
			ResolveRequiredComponents (5ms)
	FinalizeReload (931ms)
		ReleaseScriptCaches (0ms)
		RebuildScriptCaches (0ms)
		SetupLoadedEditorAssemblies (793ms)
			LogAssemblyErrors (0ms)
			InitializePlatformSupportModulesInManaged (2ms)
			SetLoadedEditorAssemblies (5ms)
			BeforeProcessingInitializeOnLoad (142ms)
			ProcessInitializeOnLoadAttributes (347ms)
			ProcessInitializeOnLoadMethodAttributes (289ms)
			AfterProcessingInitializeOnLoad (8ms)
			EditorAssembliesLoaded (0ms)
		ExecutionOrderSort2 (0ms)
		AwakeInstancesAfterBackupRestoration (10ms)
Refreshing native plugins compatible for Editor in 3.41 ms, found 2 plugins.
Preloading 0 native plugins for Editor in 0.00 ms.
Unloading 0 Unused Serialized files (Serialized files now loaded: 0)
Unloading 3472 unused Assets / (0.9 MB). Loaded Objects now: 4073.
Memory consumption went from 93.3 MB to 92.4 MB.
Total: 15.371800 ms (FindLiveObjects: 0.479500 ms CreateObjectMapping: 0.143700 ms MarkObjects: 13.557200 ms  DeleteObjects: 1.189700 ms)

Prepare: number of updated asset objects reloaded= 0
========================================================================
Received Import Request.
  Time since last request: 39.218905 seconds.
  path: Assets/InputSystem_Actions.cs
  artifactKey: Guid(459958688ea156349b053d015ea8c699) Importer(815301076,1909f56bfc062723c751e8b465ee728b)
Start importing Assets/InputSystem_Actions.cs using Guid(459958688ea156349b053d015ea8c699) Importer(815301076,1909f56bfc062723c751e8b465ee728b) (PreviewImporter) -> (artifact id: 'cdd0d87f617f10724c952d3ac19d6916') in 0.0024141 seconds
Number of updated asset objects reloaded before import = 0Number of asset objects unloaded after import = 0

========================================================================
Received Prepare
Refreshing native plugins compatible for Editor in 3.70 ms, found 2 plugins.
Preloading 0 native plugins for Editor in 0.00 ms.
Unloading 0 Unused Serialized files (Serialized files now loaded: 0)
Unloading 3441 unused Assets / (1.0 MB). Loaded Objects now: 4073.
Memory consumption went from 93.3 MB to 92.4 MB.
Total: 11.752800 ms (FindLiveObjects: 0.496300 ms CreateObjectMapping: 0.144900 ms MarkObjects: 9.988500 ms  DeleteObjects: 1.121700 ms)

Prepare: number of updated asset objects reloaded= 0
========================================================================
Received Import Request.
  Time since last request: 6.680584 seconds.
  path: Assets/InputActions.cs
  artifactKey: Guid(459958688ea156349b053d015ea8c699) Importer(815301076,1909f56bfc062723c751e8b465ee728b)
Start importing Assets/InputActions.cs using Guid(459958688ea156349b053d015ea8c699) Importer(815301076,1909f56bfc062723c751e8b465ee728b) (PreviewImporter) -> (artifact id: '554cac575ae066e2c860464aa9b3579d') in 0.0012348 seconds
Number of updated asset objects reloaded before import = 0Number of asset objects unloaded after import = 0

========================================================================
Received Prepare
Begin MonoManager ReloadAssembly
- Loaded All Assemblies, in  0.666 seconds
Refreshing native plugins compatible for Editor in 3.33 ms, found 2 plugins.
Native extension for WindowsStandalone target not found
[Package Manager] Failed to launch server process. Reason: Unity was launched with the -noUpm command-line argument
[Package Manager] Unable to send message (not connected to server process).
[Package Manager] Cannot connect to Unity Package Manager local server
ScheduleIndexationOnStartup MainProcess:False IndexOnStartup:True
Mono: successfully reloaded assembly
- Finished resetting the current domain, in  0.894 seconds
Domain Reload Profiling: 1558ms
	BeginReloadAssembly (236ms)
		ExecutionOrderSort (0ms)
		DisableScriptedObjects (9ms)
		BackupInstance (0ms)
		ReleaseScriptingObjects (0ms)
		CreateAndSetChildDomain (51ms)
	RebuildCommonClasses (45ms)
	RebuildNativeTypeToScriptingClass (15ms)
	initialDomainReloadingComplete (34ms)
	LoadAllAssembliesAndSetupDomain (334ms)
		LoadAssemblies (341ms)
		RebuildTransferFunctionScriptingTraits (0ms)
		AnalyzeDomain (115ms)
			TypeCache.Refresh (10ms)
				TypeCache.ScanAssembly (1ms)
			BuildScriptInfoCaches (98ms)
			ResolveRequiredComponents (4ms)
	FinalizeReload (894ms)
		ReleaseScriptCaches (0ms)
		RebuildScriptCaches (0ms)
		SetupLoadedEditorAssemblies (733ms)
			LogAssemblyErrors (0ms)
			InitializePlatformSupportModulesInManaged (2ms)
			SetLoadedEditorAssemblies (5ms)
			BeforeProcessingInitializeOnLoad (143ms)
			ProcessInitializeOnLoadAttributes (346ms)
			ProcessInitializeOnLoadMethodAttributes (224ms)
			AfterProcessingInitializeOnLoad (13ms)
			EditorAssembliesLoaded (0ms)
		ExecutionOrderSort2 (0ms)
		AwakeInstancesAfterBackupRestoration (11ms)
Refreshing native plugins compatible for Editor in 3.85 ms, found 2 plugins.
Preloading 0 native plugins for Editor in 0.00 ms.
Unloading 0 Unused Serialized files (Serialized files now loaded: 0)
Unloading 3472 unused Assets / (0.7 MB). Loaded Objects now: 4074.
Memory consumption went from 93.3 MB to 92.6 MB.
Total: 12.597200 ms (FindLiveObjects: 0.537500 ms CreateObjectMapping: 0.149600 ms MarkObjects: 10.799500 ms  DeleteObjects: 1.109200 ms)

Prepare: number of updated asset objects reloaded= 0
========================================================================
Received Import Request.
  Time since last request: 5.966797 seconds.
  path: Assets/InputActions.cs
  artifactKey: Guid(459958688ea156349b053d015ea8c699) Importer(815301076,1909f56bfc062723c751e8b465ee728b)
Start importing Assets/InputActions.cs using Guid(459958688ea156349b053d015ea8c699) Importer(815301076,1909f56bfc062723c751e8b465ee728b) (PreviewImporter) -> (artifact id: 'da21685af1f92092bc44637782c35a84') in 0.0042305 seconds
Number of updated asset objects reloaded before import = 0Number of asset objects unloaded after import = 0

========================================================================
Received Prepare
Refreshing native plugins compatible for Editor in 4.14 ms, found 2 plugins.
Preloading 0 native plugins for Editor in 0.00 ms.
Unloading 0 Unused Serialized files (Serialized files now loaded: 0)
Unloading 3441 unused Assets / (0.9 MB). Loaded Objects now: 4074.
Memory consumption went from 93.3 MB to 92.4 MB.
Total: 12.329200 ms (FindLiveObjects: 0.547900 ms CreateObjectMapping: 0.202700 ms MarkObjects: 10.547000 ms  DeleteObjects: 1.030500 ms)

Prepare: number of updated asset objects reloaded= 0
========================================================================
Received Prepare
Begin MonoManager ReloadAssembly
[Licensing::Client] Successfully resolved entitlement details
[Licensing::Module] License group:
  Id: F4-2RVH-HF46-PESG-9S74-XXXX
  Product: Unity Personal
  Type: ULF
  Expiration: Unlimited
[Licensing::Module] License group:
  Id: 9072343078514-UnityPersXXXX
  Product: Unity Personal
  Type: Assigned
  Expiration: Unlimited
- Loaded All Assemblies, in  0.709 seconds
Refreshing native plugins compatible for Editor in 3.28 ms, found 2 plugins.
Native extension for WindowsStandalone target not found
[Package Manager] Failed to launch server process. Reason: Unity was launched with the -noUpm command-line argument
[Package Manager] Unable to send message (not connected to server process).
[Package Manager] Cannot connect to Unity Package Manager local server
ScheduleIndexationOnStartup MainProcess:False IndexOnStartup:True
Mono: successfully reloaded assembly
- Finished resetting the current domain, in  0.820 seconds
Domain Reload Profiling: 1526ms
	BeginReloadAssembly (239ms)
		ExecutionOrderSort (0ms)
		DisableScriptedObjects (8ms)
		BackupInstance (0ms)
		ReleaseScriptingObjects (0ms)
		CreateAndSetChildDomain (56ms)
	RebuildCommonClasses (49ms)
	RebuildNativeTypeToScriptingClass (18ms)
	initialDomainReloadingComplete (35ms)
	LoadAllAssembliesAndSetupDomain (365ms)
		LoadAssemblies (344ms)
		RebuildTransferFunctionScriptingTraits (0ms)
		AnalyzeDomain (138ms)
			TypeCache.Refresh (11ms)
				TypeCache.ScanAssembly (1ms)
			BuildScriptInfoCaches (119ms)
			ResolveRequiredComponents (5ms)
	FinalizeReload (820ms)
		ReleaseScriptCaches (0ms)
		RebuildScriptCaches (0ms)
		SetupLoadedEditorAssemblies (691ms)
			LogAssemblyErrors (0ms)
			InitializePlatformSupportModulesInManaged (2ms)
			SetLoadedEditorAssemblies (4ms)
			BeforeProcessingInitializeOnLoad (139ms)
			ProcessInitializeOnLoadAttributes (324ms)
			ProcessInitializeOnLoadMethodAttributes (212ms)
			AfterProcessingInitializeOnLoad (10ms)
			EditorAssembliesLoaded (1ms)
		ExecutionOrderSort2 (0ms)
		AwakeInstancesAfterBackupRestoration (9ms)
Refreshing native plugins compatible for Editor in 4.23 ms, found 2 plugins.
Preloading 0 native plugins for Editor in 0.00 ms.
Unloading 0 Unused Serialized files (Serialized files now loaded: 0)
Unloading 3472 unused Assets / (0.9 MB). Loaded Objects now: 4075.
Memory consumption went from 93.3 MB to 92.4 MB.
Total: 12.845000 ms (FindLiveObjects: 0.546300 ms CreateObjectMapping: 0.150800 ms MarkObjects: 11.180200 ms  DeleteObjects: 0.966200 ms)

Prepare: number of updated asset objects reloaded= 0
========================================================================
Received Prepare
Refreshing native plugins compatible for Editor in 3.68 ms, found 2 plugins.
Preloading 0 native plugins for Editor in 0.00 ms.
Unloading 0 Unused Serialized files (Serialized files now loaded: 0)
Unloading 3442 unused Assets / (1.0 MB). Loaded Objects now: 4076.
Memory consumption went from 93.3 MB to 92.3 MB.
Total: 11.293500 ms (FindLiveObjects: 0.511700 ms CreateObjectMapping: 0.143800 ms MarkObjects: 9.596800 ms  DeleteObjects: 1.039900 ms)

Prepare: number of updated asset objects reloaded= 1
========================================================================
Received Import Request.
  Time since last request: 248.046794 seconds.
  path: Assets/InputSystem_Actions.inputactions
  artifactKey: Guid(3ee215d4f2c75744db4784c44b3c4d65) Importer(815301076,1909f56bfc062723c751e8b465ee728b)
Start importing Assets/InputSystem_Actions.inputactions using Guid(3ee215d4f2c75744db4784c44b3c4d65) Importer(815301076,1909f56bfc062723c751e8b465ee728b) (PreviewImporter) -> (artifact id: 'a89c958ef640fe6bd07c550764463b28') in 0.0344046 seconds
Number of updated asset objects reloaded before import = 0Number of asset objects unloaded after import = 19

========================================================================
Received Prepare
Refreshing native plugins compatible for Editor in 4.13 ms, found 2 plugins.
Preloading 0 native plugins for Editor in 0.00 ms.
Unloading 0 Unused Serialized files (Serialized files now loaded: 0)
Unloading 3441 unused Assets / (0.7 MB). Loaded Objects now: 4075.
Memory consumption went from 93.4 MB to 92.7 MB.
Total: 12.318400 ms (FindLiveObjects: 0.513000 ms CreateObjectMapping: 0.157100 ms MarkObjects: 10.474100 ms  DeleteObjects: 1.172700 ms)

Prepare: number of updated asset objects reloaded= 0
========================================================================
Received Prepare
Begin MonoManager ReloadAssembly
[Licensing::Client] Successfully resolved entitlement details
[Licensing::Module] License group:
  Id: F4-2RVH-HF46-PESG-9S74-XXXX
  Product: Unity Personal
  Type: ULF
  Expiration: Unlimited
[Licensing::Module] License group:
  Id: 9072343078514-UnityPersXXXX
  Product: Unity Personal
  Type: Assigned
  Expiration: Unlimited
- Loaded All Assemblies, in  0.796 seconds
Refreshing native plugins compatible for Editor in 3.19 ms, found 2 plugins.
Native extension for WindowsStandalone target not found
[Package Manager] Failed to launch server process. Reason: Unity was launched with the -noUpm command-line argument
[Package Manager] Unable to send message (not connected to server process).
[Package Manager] Cannot connect to Unity Package Manager local server
ScheduleIndexationOnStartup MainProcess:False IndexOnStartup:True
Mono: successfully reloaded assembly
- Finished resetting the current domain, in  0.851 seconds
Domain Reload Profiling: 1645ms
	BeginReloadAssembly (239ms)
		ExecutionOrderSort (0ms)
		DisableScriptedObjects (9ms)
		BackupInstance (0ms)
		ReleaseScriptingObjects (0ms)
		CreateAndSetChildDomain (51ms)
	RebuildCommonClasses (53ms)
	RebuildNativeTypeToScriptingClass (18ms)
	initialDomainReloadingComplete (34ms)
	LoadAllAssembliesAndSetupDomain (449ms)
		LoadAssemblies (436ms)
		RebuildTransferFunctionScriptingTraits (0ms)
		AnalyzeDomain (135ms)
			TypeCache.Refresh (10ms)
				TypeCache.ScanAssembly (1ms)
			BuildScriptInfoCaches (118ms)
			ResolveRequiredComponents (4ms)
	FinalizeReload (852ms)
		ReleaseScriptCaches (0ms)
		RebuildScriptCaches (0ms)
		SetupLoadedEditorAssemblies (719ms)
			LogAssemblyErrors (0ms)
			InitializePlatformSupportModulesInManaged (2ms)
			SetLoadedEditorAssemblies (4ms)
			BeforeProcessingInitializeOnLoad (151ms)
			ProcessInitializeOnLoadAttributes (343ms)
			ProcessInitializeOnLoadMethodAttributes (208ms)
			AfterProcessingInitializeOnLoad (10ms)
			EditorAssembliesLoaded (0ms)
		ExecutionOrderSort2 (0ms)
		AwakeInstancesAfterBackupRestoration (8ms)
Refreshing native plugins compatible for Editor in 4.64 ms, found 2 plugins.
Preloading 0 native plugins for Editor in 0.00 ms.
Unloading 0 Unused Serialized files (Serialized files now loaded: 0)
Unloading 3472 unused Assets / (0.8 MB). Loaded Objects now: 4076.
Memory consumption went from 93.3 MB to 92.5 MB.
Total: 11.773400 ms (FindLiveObjects: 0.565000 ms CreateObjectMapping: 0.168500 ms MarkObjects: 10.152200 ms  DeleteObjects: 0.886600 ms)

Prepare: number of updated asset objects reloaded= 0
========================================================================
Received Prepare
Refreshing native plugins compatible for Editor in 3.65 ms, found 2 plugins.
Preloading 0 native plugins for Editor in 0.00 ms.
Unloading 0 Unused Serialized files (Serialized files now loaded: 0)
Unloading 3441 unused Assets / (1.2 MB). Loaded Objects now: 4076.
Memory consumption went from 93.3 MB to 92.1 MB.
Total: 12.595400 ms (FindLiveObjects: 0.517400 ms CreateObjectMapping: 0.149000 ms MarkObjects: 10.709800 ms  DeleteObjects: 1.218000 ms)

Prepare: number of updated asset objects reloaded= 0
========================================================================
Received Prepare
Refreshing native plugins compatible for Editor in 3.94 ms, found 2 plugins.
Preloading 0 native plugins for Editor in 0.00 ms.
Unloading 0 Unused Serialized files (Serialized files now loaded: 0)
Unloading 3441 unused Assets / (1.0 MB). Loaded Objects now: 4076.
Memory consumption went from 93.3 MB to 92.3 MB.
Total: 15.601900 ms (FindLiveObjects: 0.727200 ms CreateObjectMapping: 0.513200 ms MarkObjects: 13.090000 ms  DeleteObjects: 1.269500 ms)

Prepare: number of updated asset objects reloaded= 0
========================================================================
Received Import Request.
  Time since last request: 153.486434 seconds.
  path: Assets/PlayerInputSystem_Actions.cs
  artifactKey: Guid(7e74fd090cca6e24990f072c6700a9be) Importer(815301076,1909f56bfc062723c751e8b465ee728b)
Start importing Assets/PlayerInputSystem_Actions.cs using Guid(7e74fd090cca6e24990f072c6700a9be) Importer(815301076,1909f56bfc062723c751e8b465ee728b) (PreviewImporter) -> (artifact id: 'bb472cc7ff7f2076f37814320052b97f') in 0.0036429 seconds
Number of updated asset objects reloaded before import = 0Number of asset objects unloaded after import = 0

========================================================================
Received Prepare
Refreshing native plugins compatible for Editor in 3.75 ms, found 2 plugins.
Preloading 0 native plugins for Editor in 0.00 ms.
Unloading 0 Unused Serialized files (Serialized files now loaded: 0)
Unloading 3442 unused Assets / (0.8 MB). Loaded Objects now: 4077.
Memory consumption went from 93.3 MB to 92.6 MB.
Total: 12.085000 ms (FindLiveObjects: 0.575200 ms CreateObjectMapping: 0.175500 ms MarkObjects: 10.394300 ms  DeleteObjects: 0.938700 ms)

Prepare: number of updated asset objects reloaded= 1
========================================================================
Received Import Request.
  Time since last request: 27.262223 seconds.
  path: Assets/InputSystem_Actions.inputactions
  artifactKey: Guid(3ee215d4f2c75744db4784c44b3c4d65) Importer(815301076,1909f56bfc062723c751e8b465ee728b)
Start importing Assets/InputSystem_Actions.inputactions using Guid(3ee215d4f2c75744db4784c44b3c4d65) Importer(815301076,1909f56bfc062723c751e8b465ee728b) (PreviewImporter) -> (artifact id: 'cebf1914b3996a9f71303ede1d91a572') in 0.0255487 seconds
Number of updated asset objects reloaded before import = 0Number of asset objects unloaded after import = 19

========================================================================
Received Import Request.
  Time since last request: 2.055836 seconds.
  path: Assets/PlayerInputActions.cs
  artifactKey: Guid(1d2752c0bad0bbb41bbb7dcc63d6de66) Importer(815301076,1909f56bfc062723c751e8b465ee728b)
Start importing Assets/PlayerInputActions.cs using Guid(1d2752c0bad0bbb41bbb7dcc63d6de66) Importer(815301076,1909f56bfc062723c751e8b465ee728b) (PreviewImporter) -> (artifact id: '55680e948f57b71b47bb3938e33ebf56') in 0.0005158 seconds
Number of updated asset objects reloaded before import = 0Number of asset objects unloaded after import = 0

========================================================================
Received Prepare
Refreshing native plugins compatible for Editor in 3.66 ms, found 2 plugins.
Preloading 0 native plugins for Editor in 0.00 ms.
Unloading 0 Unused Serialized files (Serialized files now loaded: 0)
Unloading 3441 unused Assets / (0.9 MB). Loaded Objects now: 4076.
Memory consumption went from 93.4 MB to 92.5 MB.
Total: 12.165000 ms (FindLiveObjects: 0.505300 ms CreateObjectMapping: 0.153200 ms MarkObjects: 10.544400 ms  DeleteObjects: 0.960600 ms)

Prepare: number of updated asset objects reloaded= 0
========================================================================
Received Prepare
Refreshing native plugins compatible for Editor in 4.01 ms, found 2 plugins.
Preloading 0 native plugins for Editor in 0.00 ms.
Unloading 0 Unused Serialized files (Serialized files now loaded: 0)
Unloading 3441 unused Assets / (0.7 MB). Loaded Objects now: 4076.
Memory consumption went from 93.4 MB to 92.7 MB.
Total: 12.260600 ms (FindLiveObjects: 0.504100 ms CreateObjectMapping: 0.145900 ms MarkObjects: 10.635400 ms  DeleteObjects: 0.973700 ms)

Prepare: number of updated asset objects reloaded= 0
========================================================================
Received Prepare
Refreshing native plugins compatible for Editor in 4.19 ms, found 2 plugins.
Preloading 0 native plugins for Editor in 0.00 ms.
Unloading 0 Unused Serialized files (Serialized files now loaded: 0)
Unloading 3441 unused Assets / (0.8 MB). Loaded Objects now: 4076.
Memory consumption went from 93.4 MB to 92.5 MB.
Total: 13.373000 ms (FindLiveObjects: 0.529700 ms CreateObjectMapping: 0.151200 ms MarkObjects: 11.695500 ms  DeleteObjects: 0.994900 ms)

Prepare: number of updated asset objects reloaded= 0
========================================================================
Received Prepare
Refreshing native plugins compatible for Editor in 3.48 ms, found 2 plugins.
Preloading 0 native plugins for Editor in 0.00 ms.
Unloading 0 Unused Serialized files (Serialized files now loaded: 0)
Unloading 3441 unused Assets / (0.9 MB). Loaded Objects now: 4076.
Memory consumption went from 93.4 MB to 92.5 MB.
Total: 12.232900 ms (FindLiveObjects: 0.535200 ms CreateObjectMapping: 0.153100 ms MarkObjects: 10.601300 ms  DeleteObjects: 0.942400 ms)

Prepare: number of updated asset objects reloaded= 0
========================================================================
Received Prepare
Refreshing native plugins compatible for Editor in 3.51 ms, found 2 plugins.
Preloading 0 native plugins for Editor in 0.00 ms.
Unloading 0 Unused Serialized files (Serialized files now loaded: 0)
Unloading 3441 unused Assets / (0.9 MB). Loaded Objects now: 4076.
Memory consumption went from 93.4 MB to 92.5 MB.
Total: 13.348100 ms (FindLiveObjects: 0.651300 ms CreateObjectMapping: 0.157400 ms MarkObjects: 11.353700 ms  DeleteObjects: 1.184500 ms)

Prepare: number of updated asset objects reloaded= 1
========================================================================
Received Import Request.
  Time since last request: 360.731951 seconds.
  path: Assets/InputSystem_Actions.inputactions
  artifactKey: Guid(3ee215d4f2c75744db4784c44b3c4d65) Importer(815301076,1909f56bfc062723c751e8b465ee728b)
Start importing Assets/InputSystem_Actions.inputactions using Guid(3ee215d4f2c75744db4784c44b3c4d65) Importer(815301076,1909f56bfc062723c751e8b465ee728b) (PreviewImporter) -> (artifact id: 'afffaf607fbc5138dae59fbb53fdfd84') in 0.0079567 seconds
Number of updated asset objects reloaded before import = 0Number of asset objects unloaded after import = 19

========================================================================
Received Prepare
Refreshing native plugins compatible for Editor in 4.87 ms, found 2 plugins.
Preloading 0 native plugins for Editor in 0.00 ms.
Unloading 0 Unused Serialized files (Serialized files now loaded: 0)
Unloading 3441 unused Assets / (0.8 MB). Loaded Objects now: 4076.
Memory consumption went from 93.4 MB to 92.6 MB.
Total: 13.998900 ms (FindLiveObjects: 0.665200 ms CreateObjectMapping: 0.200300 ms MarkObjects: 12.195200 ms  DeleteObjects: 0.936000 ms)

Prepare: number of updated asset objects reloaded= 0
========================================================================
Received Prepare
Refreshing native plugins compatible for Editor in 4.51 ms, found 2 plugins.
Preloading 0 native plugins for Editor in 0.00 ms.
Unloading 0 Unused Serialized files (Serialized files now loaded: 0)
Unloading 3442 unused Assets / (0.7 MB). Loaded Objects now: 4077.
Memory consumption went from 93.4 MB to 92.7 MB.
Total: 14.247100 ms (FindLiveObjects: 0.651500 ms CreateObjectMapping: 0.155400 ms MarkObjects: 12.291300 ms  DeleteObjects: 1.147400 ms)

Prepare: number of updated asset objects reloaded= 0
========================================================================
Received Import Request.
  Time since last request: 156.600168 seconds.
  path: Assets/Scripts/PlayerInputRouter.txt
  artifactKey: Guid(457dae3b67dfd6543a583aea39317918) Importer(815301076,1909f56bfc062723c751e8b465ee728b)
Start importing Assets/Scripts/PlayerInputRouter.txt using Guid(457dae3b67dfd6543a583aea39317918) Importer(815301076,1909f56bfc062723c751e8b465ee728b) (PreviewImporter) -> (artifact id: '474c1d22e421dd578a52b374340aae05') in 0.0025618 seconds
Number of updated asset objects reloaded before import = 0Number of asset objects unloaded after import = 1

========================================================================
Received Prepare
Begin MonoManager ReloadAssembly
[Licensing::Client] Successfully resolved entitlement details
[Licensing::Module] License group:
  Id: F4-2RVH-HF46-PESG-9S74-XXXX
  Product: Unity Personal
  Type: ULF
  Expiration: Unlimited
[Licensing::Module] License group:
  Id: 9072343078514-UnityPersXXXX
  Product: Unity Personal
  Type: Assigned
  Expiration: Unlimited
- Loaded All Assemblies, in  0.688 seconds
Refreshing native plugins compatible for Editor in 3.60 ms, found 2 plugins.
Native extension for WindowsStandalone target not found
[Package Manager] Failed to launch server process. Reason: Unity was launched with the -noUpm command-line argument
[Package Manager] Unable to send message (not connected to server process).
[Package Manager] Cannot connect to Unity Package Manager local server
ScheduleIndexationOnStartup MainProcess:False IndexOnStartup:True
Mono: successfully reloaded assembly
- Finished resetting the current domain, in  0.814 seconds
Domain Reload Profiling: 1500ms
	BeginReloadAssembly (222ms)
		ExecutionOrderSort (0ms)
		DisableScriptedObjects (7ms)
		BackupInstance (0ms)
		ReleaseScriptingObjects (0ms)
		CreateAndSetChildDomain (52ms)
	RebuildCommonClasses (45ms)
	RebuildNativeTypeToScriptingClass (17ms)
	initialDomainReloadingComplete (35ms)
	LoadAllAssembliesAndSetupDomain (366ms)
		LoadAssemblies (345ms)
		RebuildTransferFunctionScriptingTraits (0ms)
		AnalyzeDomain (129ms)
			TypeCache.Refresh (11ms)
				TypeCache.ScanAssembly (1ms)
			BuildScriptInfoCaches (110ms)
			ResolveRequiredComponents (5ms)
	FinalizeReload (815ms)
		ReleaseScriptCaches (0ms)
		RebuildScriptCaches (0ms)
		SetupLoadedEditorAssemblies (691ms)
			LogAssemblyErrors (0ms)
			InitializePlatformSupportModulesInManaged (2ms)
			SetLoadedEditorAssemblies (5ms)
			BeforeProcessingInitializeOnLoad (142ms)
			ProcessInitializeOnLoadAttributes (335ms)
			ProcessInitializeOnLoadMethodAttributes (198ms)
			AfterProcessingInitializeOnLoad (9ms)
			EditorAssembliesLoaded (0ms)
		ExecutionOrderSort2 (0ms)
		AwakeInstancesAfterBackupRestoration (8ms)
Refreshing native plugins compatible for Editor in 4.24 ms, found 2 plugins.
Preloading 0 native plugins for Editor in 0.00 ms.
Unloading 0 Unused Serialized files (Serialized files now loaded: 0)
Unloading 3473 unused Assets / (0.8 MB). Loaded Objects now: 4078.
Memory consumption went from 93.3 MB to 92.6 MB.
Total: 12.593400 ms (FindLiveObjects: 0.540900 ms CreateObjectMapping: 0.206800 ms MarkObjects: 10.997600 ms  DeleteObjects: 0.846800 ms)

Prepare: number of updated asset objects reloaded= 0
========================================================================
Received Prepare
Begin MonoManager ReloadAssembly
- Loaded All Assemblies, in  0.718 seconds
Refreshing native plugins compatible for Editor in 4.41 ms, found 2 plugins.
Native extension for WindowsStandalone target not found
[Package Manager] Failed to launch server process. Reason: Unity was launched with the -noUpm command-line argument
[Package Manager] Unable to send message (not connected to server process).
[Package Manager] Cannot connect to Unity Package Manager local server
ScheduleIndexationOnStartup MainProcess:False IndexOnStartup:True
Mono: successfully reloaded assembly
- Finished resetting the current domain, in  0.874 seconds
Domain Reload Profiling: 1589ms
	BeginReloadAssembly (224ms)
		ExecutionOrderSort (0ms)
		DisableScriptedObjects (7ms)
		BackupInstance (0ms)
		ReleaseScriptingObjects (0ms)
		CreateAndSetChildDomain (48ms)
	RebuildCommonClasses (52ms)
	RebuildNativeTypeToScriptingClass (23ms)
	initialDomainReloadingComplete (34ms)
	LoadAllAssembliesAndSetupDomain (382ms)
		LoadAssemblies (370ms)
		RebuildTransferFunctionScriptingTraits (0ms)
		AnalyzeDomain (129ms)
			TypeCache.Refresh (6ms)
				TypeCache.ScanAssembly (0ms)
			BuildScriptInfoCaches (114ms)
			ResolveRequiredComponents (4ms)
	FinalizeReload (874ms)
		ReleaseScriptCaches (0ms)
		RebuildScriptCaches (0ms)
		SetupLoadedEditorAssemblies (737ms)
			LogAssemblyErrors (0ms)
			InitializePlatformSupportModulesInManaged (2ms)
			SetLoadedEditorAssemblies (5ms)
			BeforeProcessingInitializeOnLoad (142ms)
			ProcessInitializeOnLoadAttributes (370ms)
			ProcessInitializeOnLoadMethodAttributes (208ms)
			AfterProcessingInitializeOnLoad (9ms)
			EditorAssembliesLoaded (0ms)
		ExecutionOrderSort2 (0ms)
		AwakeInstancesAfterBackupRestoration (8ms)
Refreshing native plugins compatible for Editor in 4.02 ms, found 2 plugins.
Preloading 0 native plugins for Editor in 0.00 ms.
Unloading 0 Unused Serialized files (Serialized files now loaded: 0)
Unloading 3473 unused Assets / (1.0 MB). Loaded Objects now: 4079.
Memory consumption went from 93.3 MB to 92.3 MB.
Total: 12.039200 ms (FindLiveObjects: 0.564800 ms CreateObjectMapping: 0.597700 ms MarkObjects: 9.834500 ms  DeleteObjects: 1.040500 ms)

Prepare: number of updated asset objects reloaded= 0
