{"cameraMode":{"drawMode":0,"name":"Shaded","section":"Shading Mode"},"sceneLighting":false,"audioPlay":false,"sceneViewState":{"showFog":false,"showMaterialUpdate":false,"showSkybox":false,"showFlares":false,"showImageEffects":false,"showParticleSystems":false},"in2DMode":false,"pivot":{"x":0.2130231112241745,"y":0.4999999701976776,"z":-38.23382568359375},"rotation":{"x":0.2630321681499481,"y":-0.5887652039527893,"z":0.21079498529434205,"w":0.7346667647361755},"size":103.10985565185547,"orthographic":false}