{"cameraMode":{"drawMode":0,"name":"Shaded","section":"Shading Mode"},"sceneLighting":false,"audioPlay":false,"sceneViewState":{"showFog":false,"showMaterialUpdate":false,"showSkybox":false,"showFlares":false,"showImageEffects":false,"showParticleSystems":false},"in2DMode":false,"pivot":{"x":-0.14999914169311524,"y":1.5833334922790528,"z":-75.95999908447266},"rotation":{"x":-0.14662399888038636,"y":0.6915391683578491,"z":-0.14653582870960236,"w":-0.6919554471969605},"size":32.67500305175781,"orthographic":false}