{"cameraMode":{"drawMode":0,"name":"Shaded","section":"Shading Mode"},"sceneLighting":false,"audioPlay":false,"sceneViewState":{"showFog":false,"showMaterialUpdate":false,"showSkybox":false,"showFlares":false,"showImageEffects":false,"showParticleSystems":false},"in2DMode":false,"pivot":{"x":-0.039459228515625,"y":4.025815963745117,"z":-0.10536324977874756},"rotation":{"x":0.051034554839134219,"y":-0.8211416006088257,"z":0.0743604376912117,"w":0.5635534524917603},"size":26.353572845458986,"orthographic":false}