{"cameraMode":{"drawMode":0,"name":"Shaded","section":"Shading Mode"},"sceneLighting":false,"audioPlay":false,"sceneViewState":{"showFog":false,"showMaterialUpdate":false,"showSkybox":false,"showFlares":false,"showImageEffects":false,"showParticleSystems":true},"in2DMode":false,"pivot":{"x":-1.386436939239502,"y":1.9656623601913453,"z":-75.9852066040039},"rotation":{"x":-0.2542540729045868,"y":0.5443119406700134,"z":-0.17755049467086793,"w":-0.7794583439826965},"size":33.39244079589844,"orthographic":false}