{"cameraMode":{"drawMode":0,"name":"Shaded","section":"Shading Mode"},"sceneLighting":false,"audioPlay":false,"sceneViewState":{"showFog":false,"showMaterialUpdate":false,"showSkybox":false,"showFlares":false,"showImageEffects":false,"showParticleSystems":false},"in2DMode":false,"pivot":{"x":0.09103846549987793,"y":1.8809900283813477,"z":-2.9802322387695315e-8},"rotation":{"x":0.10007767379283905,"y":-0.5320649743080139,"z":0.06351370364427567,"w":0.838365912437439},"size":12.589953422546387,"orthographic":false}