{"cameraMode":{"drawMode":0,"name":"Shaded","section":"Shading Mode"},"sceneLighting":true,"audioPlay":false,"sceneViewState":{"showFog":false,"showMaterialUpdate":false,"showSkybox":false,"showFlares":false,"showImageEffects":false,"showParticleSystems":false},"in2DMode":false,"pivot":{"x":-0.07938385009765625,"y":18.005268096923829,"z":-55.36250305175781},"rotation":{"x":0.29489240050315859,"y":-0.618943989276886,"z":0.2699778974056244,"w":0.6760612726211548},"size":179.4526824951172,"orthographic":false}