{"cameraMode":{"drawMode":0,"name":"Shaded","section":"Shading Mode"},"sceneLighting":false,"audioPlay":false,"sceneViewState":{"showFog":false,"showMaterialUpdate":false,"showSkybox":false,"showFlares":false,"showImageEffects":false,"showParticleSystems":false},"in2DMode":false,"pivot":{"x":0.0,"y":8.215953826904297,"z":1.1999998092651368},"rotation":{"x":-0.02474304288625717,"y":0.9727100133895874,"z":-0.12351959943771362,"w":-0.19484880566596986},"size":26.793481826782228,"orthographic":false}