{"cameraMode":{"drawMode":0,"name":"Shaded","section":"Shading Mode"},"sceneLighting":false,"audioPlay":false,"sceneViewState":{"showFog":false,"showMaterialUpdate":false,"showSkybox":false,"showFlares":false,"showImageEffects":false,"showParticleSystems":false},"in2DMode":false,"pivot":{"x":0.3269214630126953,"y":2.170820713043213,"z":2.7608280181884767},"rotation":{"x":0.04459284991025925,"y":-0.5343303084373474,"z":0.028244130313396455,"w":0.843626081943512},"size":17.911338806152345,"orthographic":false}