{"cameraMode":{"drawMode":0,"name":"Shaded","section":"Shading Mode"},"sceneLighting":false,"audioPlay":false,"sceneViewState":{"showFog":false,"showMaterialUpdate":false,"showSkybox":false,"showFlares":false,"showImageEffects":false,"showParticleSystems":false},"in2DMode":false,"pivot":{"x":-2.361623764038086,"y":19.244728088378908,"z":-68.54962158203125},"rotation":{"x":0.009122027084231377,"y":0.8873702883720398,"z":-0.4606320858001709,"w":0.01757322996854782},"size":14.108380317687989,"orthographic":false}