{"cameraMode":{"drawMode":0,"name":"Shaded","section":"Shading Mode"},"sceneLighting":false,"audioPlay":false,"sceneViewState":{"showFog":false,"showMaterialUpdate":false,"showSkybox":false,"showFlares":false,"showImageEffects":false,"showParticleSystems":false},"in2DMode":false,"pivot":{"x":0.12745380401611329,"y":2.6333858966827394,"z":0.32395094633102419},"rotation":{"x":0.22422833740711213,"y":-0.4543421268463135,"z":0.11931417882442475,"w":0.8538495302200317},"size":10.877821922302246,"orthographic":false}