{"cameraMode":{"drawMode":0,"name":"Shaded","section":"Shading Mode"},"sceneLighting":true,"audioPlay":false,"sceneViewState":{"showFog":false,"showMaterialUpdate":false,"showSkybox":false,"showFlares":false,"showImageEffects":false,"showParticleSystems":false},"in2DMode":false,"pivot":{"x":19.21759796142578,"y":12.589859008789063,"z":-34.98136901855469},"rotation":{"x":0.00029297653236426413,"y":0.9996667504310608,"z":0.022186780348420144,"w":-0.013195633888244629},"size":17.632314682006837,"orthographic":false}