{"cameraMode":{"drawMode":0,"name":"Shaded","section":"Shading Mode"},"sceneLighting":false,"audioPlay":false,"sceneViewState":{"showFog":false,"showMaterialUpdate":false,"showSkybox":false,"showFlares":false,"showImageEffects":false,"showParticleSystems":false},"in2DMode":false,"pivot":{"x":-4.267693519592285,"y":-0.14883899688720704,"z":82.78144836425781},"rotation":{"x":-0.18268239498138429,"y":0.5126675963401794,"z":-0.11265742778778076,"w":-0.8313287496566773},"size":27.25318717956543,"orthographic":false}