{"cameraMode":{"drawMode":0,"name":"Shaded","section":"Shading Mode"},"sceneLighting":false,"audioPlay":false,"sceneViewState":{"showFog":false,"showMaterialUpdate":false,"showSkybox":false,"showFlares":false,"showImageEffects":false,"showParticleSystems":false},"in2DMode":false,"pivot":{"x":-0.6973514556884766,"y":3.3303756713867189,"z":0.9657908082008362},"rotation":{"x":-0.22527474164962769,"y":0.607116162776947,"z":-0.1850193291902542,"w":-0.7392085194587708},"size":7.080315589904785,"orthographic":false}