{"cameraMode":{"drawMode":0,"name":"Shaded","section":"Shading Mode"},"sceneLighting":false,"audioPlay":false,"sceneViewState":{"showFog":false,"showMaterialUpdate":false,"showSkybox":false,"showFlares":false,"showImageEffects":false,"showParticleSystems":false},"in2DMode":false,"pivot":{"x":0.2130230963230133,"y":0.5,"z":-38.23382568359375},"rotation":{"x":0.22625227272510529,"y":0.02598353661596775,"z":-0.00603820476680994,"w":0.9737034440040588},"size":2.8293027877807619,"orthographic":false}