{"cameraMode":{"drawMode":0,"name":"Shaded","section":"Shading Mode"},"sceneLighting":false,"audioPlay":false,"sceneViewState":{"showFog":false,"showMaterialUpdate":false,"showSkybox":false,"showFlares":false,"showImageEffects":false,"showParticleSystems":false},"in2DMode":false,"pivot":{"x":0.2130231112241745,"y":0.4999999701976776,"z":-38.23382568359375},"rotation":{"x":-0.25012150406837466,"y":0.4042920768260956,"z":-0.11595375090837479,"w":-0.8720905780792236},"size":3.1436707973480226,"orthographic":false}