{"cameraMode":{"drawMode":0,"name":"Shaded","section":"Shading Mode"},"sceneLighting":false,"audioPlay":false,"sceneViewState":{"showFog":false,"showMaterialUpdate":false,"showSkybox":false,"showFlares":false,"showImageEffects":false,"showParticleSystems":false},"in2DMode":false,"pivot":{"x":0.2841339111328125,"y":3.811661958694458,"z":-86.4143295288086},"rotation":{"x":0.1708270013332367,"y":-0.6389760375022888,"z":0.1484733670949936,"w":0.7351758480072022},"size":7.526081562042236,"orthographic":false}