{"cameraMode":{"drawMode":0,"name":"Shaded","section":"Shading Mode"},"sceneLighting":false,"audioPlay":false,"sceneViewState":{"showFog":false,"showMaterialUpdate":false,"showSkybox":false,"showFlares":false,"showImageEffects":false,"showParticleSystems":false},"in2DMode":false,"pivot":{"x":0.12745380401611329,"y":2.799999713897705,"z":-89.6760482788086},"rotation":{"x":-0.2645520567893982,"y":0.6241043210029602,"z":-0.23727577924728394,"w":-0.6958493590354919},"size":19.900184631347658,"orthographic":false}