{"cameraMode":{"drawMode":0,"name":"Shaded","section":"Shading Mode"},"sceneLighting":false,"audioPlay":false,"sceneViewState":{"showFog":false,"showMaterialUpdate":false,"showSkybox":false,"showFlares":false,"showImageEffects":false,"showParticleSystems":false},"in2DMode":false,"pivot":{"x":0.2130231112241745,"y":0.4999999701976776,"z":-38.23382568359375},"rotation":{"x":-0.27215486764907839,"y":0.5850961208343506,"z":-0.21743673086166383,"w":-0.7323356866836548},"size":12.9705228805542,"orthographic":false}