{"cameraMode":{"drawMode":0,"name":"Shaded","section":"Shading Mode"},"sceneLighting":false,"audioPlay":false,"sceneViewState":{"showFog":false,"showMaterialUpdate":false,"showSkybox":false,"showFlares":false,"showImageEffects":false,"showParticleSystems":false},"in2DMode":false,"pivot":{"x":-0.039459228515625,"y":4.025815963745117,"z":-0.10536324977874756},"rotation":{"x":0.007966131903231144,"y":0.9908239245414734,"z":-0.11677077412605286,"w":0.0675956979393959},"size":26.353572845458986,"orthographic":false}