{"cameraMode":{"drawMode":0,"name":"Shaded","section":"Shading Mode"},"sceneLighting":false,"audioPlay":false,"sceneViewState":{"showFog":false,"showMaterialUpdate":false,"showSkybox":false,"showFlares":false,"showImageEffects":false,"showParticleSystems":false},"in2DMode":false,"pivot":{"x":0.2130231112241745,"y":0.4999999701976776,"z":-38.23382568359375},"rotation":{"x":0.09232227504253388,"y":-0.6656069755554199,"z":0.08350903540849686,"w":0.7358465790748596},"size":3.1436707973480226,"orthographic":false}