{"cameraMode":{"drawMode":0,"name":"Shaded","section":"Shading Mode"},"sceneLighting":false,"audioPlay":false,"sceneViewState":{"showFog":false,"showMaterialUpdate":false,"showSkybox":false,"showFlares":false,"showImageEffects":false,"showParticleSystems":false},"in2DMode":false,"pivot":{"x":0.12745380401611329,"y":2.6333858966827394,"z":-89.6760482788086},"rotation":{"x":0.11074552685022354,"y":-0.5386699438095093,"z":0.07169032096862793,"w":0.8321242332458496},"size":17.238845825195314,"orthographic":false}